"date","close","open","high","low","volume","sma"
"26.02.2021",1638.11,1636.03,1660,1575,"765.07K",485.47059
"25.02.2021",1613.06,1690,1728.14,1596.68,"699.69K",484.5819
"24.02.2021",1714,1769.3,1784,1699.53,"683.32K",483.71116
"23.02.2021",1775.79,1700.89,1776.48,1661.2,"710.80K",482.76113
"22.02.2021",1788.82,1870.95,1878,1785,"738.29K",481.76188
"19.02.2021",1910.39,1891.09,1955.74,1891.09,"475.67K",480.75101
"18.02.2021",1891.09,1843.44,1891.09,1842.81,"339.20K",479.64447
"17.02.2021",1890.25,1915.36,1915.36,1841,"431.17K",478.55118
"16.02.2021",1939.87,1964.49,2002.01,1929.36,"379.84K",477.45684
"12.02.2021",1943,1934.15,1947.94,1880,"308.53K",476.3223
"11.02.2021",1942.25,1933,1955,1910.67,"376.59K",475.18358
"10.02.2021",1905.27,1881.14,1926.83,1865.55,"339.40K",474.04367
"09.02.2021",1878,1885.14,1894.71,1868.7,"341.43K",472.93074
"08.02.2021",1900.89,1943.06,1948,1869.21,"475.09K",471.8373
"05.02.2021",1918.13,1912.88,1938.5,1895.73,"306.39K",470.72433
"04.02.2021",1893.35,1879.69,1910.89,1870.32,"370.09K",469.59619
"03.02.2021",1870.52,1926.25,1926.25,1863.6,"319.64K",468.48562
"02.02.2021",1909.99,1921.11,1933,1855,"464.83K",467.39113
"01.02.2021",1896.79,1812.63,1900,1812.63,"606.60K",466.2641
"29.01.2021",1779.51,1799.51,1833.16,1744.15,"694.82K",465.14563
"28.01.2021",1844.73,1751.99,1850,1750.61,"639.88K",464.11718
"27.01.2021",1718.7,1796.59,1828.3,1707.86,"1.02M",463.03604
"26.01.2021",1807.74,1898.66,1901.18,1781.34,"713.73K",462.05197
"25.01.2021",1880,2009.67,2012.09,1868,"587.52K",460.99653
"22.01.2021",1965.05,1953.27,1971.77,1903.28,"515.84K",459.88272
"21.01.2021",1940.19,2019.88,2019.88,1910,"618.35K",458.70034
"20.01.2021",1984.34,1948.76,1990.78,1930.75,"639.43K",457.53564
"19.01.2021",1913.21,1895.05,1925.41,1861,"707.48K",456.33438
"15.01.2021",1851.78,1860.01,1877.11,1805.46,"534.97K",455.18724
"14.01.2021",1852.53,1823.75,1885,1819.95,"547.04K",454.08669
"13.01.2021",1798.19,1830,1830,1771.33,"506.72K",452.98382
"12.01.2021",1810.09,1783.5,1843.99,1783.5,"616.45K",451.92209
"11.01.2021",1761.55,1714.51,1793.41,1675,"599.70K",450.84929
"08.01.2021",1719,1623.84,1719.26,1612.83,"737.46K",449.81316
"07.01.2021",1597.97,1615.4,1618.02,1575,"1.17M",448.80906
"06.01.2021",1571.98,1621.13,1623.89,1566.03,"585.04K",447.89919
"05.01.2021",1650,1649.37,1701.98,1647.9,"530.45K",447.00848
"04.01.2021",1640,1675,1720,1613.88,"851.12K",446.05448
"31.12.2020",1675.22,1718.59,1718.59,1660.9,"254.47K",445.1069
"30.12.2020",1712.94,1694.99,1722.94,1662,"304.39K",444.12985
"29.12.2020",1673.49,1685,1685.13,1642.57,"278.38K",443.12126
"28.12.2020",1663.72,1696.34,1696.34,1630,"286.04K",442.14244
"24.12.2020",1690.48,1672,1694.48,1665.9,"132.84K",441.16985
"23.12.2020",1670.01,1729.26,1735.39,1667.01,"418.10K",440.17438
"22.12.2020",1732.39,1718,1734.48,1704.39,"309.84K",439.19365
"21.12.2020",1697.89,1712.8,1726.68,1670,"457.18K",438.16157
"18.12.2020",1723.68,1697.66,1727.97,1676.38,"531.93K",437.1554
"17.12.2020",1679.99,1683.67,1690.82,1661.62,"375.78K",436.127
"16.12.2020",1669.54,1670,1675.23,1640,"512.29K",435.13191
"15.12.2020",1668.99,1644.79,1676.88,1644.79,"528.69K",434.14359
"14.12.2020",1618.06,1624.48,1638,1611.79,"479.75K",433.15413
"11.12.2020",1606.63,1597,1606.63,1572.03,"479.29K",432.20393
"10.12.2020",1589.52,1531.55,1598,1512.6,"446.29K",431.26137
"09.12.2020",1536.54,1609.47,1609.47,1519.66,"858.27K",430.33104
"08.12.2020",1615.88,1582.11,1625.69,1576.56,"401.50K",429.44181
"07.12.2020",1575.6,1562.63,1588.59,1554.98,"358.92K",428.48731
"04.12.2020",1557.38,1566.83,1566.83,1529,"290.94K",427.56371
"03.12.2020",1560.34,1536,1568.18,1536,"402.87K",426.6533
"02.12.2020",1522.86,1507.23,1524.58,1485.99,"468.54K",425.73904
"01.12.2020",1521.66,1556.04,1577,1516.55,"558.17K",424.85355
"30.11.2020",1553.33,1529.51,1558.26,1475.85,"693.00K",423.9676
"27.11.2020",1513.43,1480,1519.18,1463.27,"286.80K",423.05462
"25.11.2020",1480.36,1447.91,1484.22,1445,"489.44K",422.17244
"24.11.2020",1439.28,1452.97,1458,1403,"586.30K",421.3156
"23.11.2020",1451.77,1430.26,1458.04,1417.19,"640.61K",420.49067
"20.11.2020",1416.99,1372.93,1423.97,1365.58,"615.53K",419.65427
"19.11.2020",1370.3,1325.08,1383.96,1315.61,"485.09K",418.84475
"18.11.2020",1318.09,1308.99,1326.36,1294.24,"498.59K",418.07184
"17.11.2020",1300.81,1289.95,1311.89,1287.23,"400.09K",417.34011
"16.11.2020",1286.31,1286.5,1311.9,1278.38,"445.84K",416.62126
"13.11.2020",1301.66,1321.73,1335.46,1285.46,"446.17K",415.91305
"12.11.2020",1296,1325,1354.59,1295,"631.94K",415.19117
"11.11.2020",1304.49,1268.56,1336.36,1268.56,"700.13K",414.47272
"10.11.2020",1226.03,1322.53,1324.98,1219.49,"1.03M",413.74618
"09.11.2020",1330.72,1441.61,1441.61,1330,"961.95K",413.08255
"06.11.2020",1485.86,1433.98,1490.67,1395.68,"567.82K",412.33223
"05.11.2020",1437.8,1403.76,1458.99,1376,"902.25K",411.45373
"04.11.2020",1315.69,1281.99,1321,1280,"610.12K",410.61315
"03.11.2020",1233.97,1220,1242.77,1196.63,"334.83K",409.87129
"02.11.2020",1215.86,1229.45,1252,1192.14,"406.89K",409.19524
"30.10.2020",1214.05,1279.41,1292.78,1195.01,"620.50K",408.53296
"29.10.2020",1300.98,1282.67,1313.58,1269.62,"394.77K",407.87107
"28.10.2020",1273.59,1245,1284.49,1242.15,"325.09K",407.1366
"27.10.2020",1282.47,1286.95,1286.95,1268.92,"328.20K",406.42347
"26.10.2020",1281.44,1316.11,1326.99,1257.14,"346.79K",405.70185
"23.10.2020",1312.16,1300.01,1312.67,1282.74,"262.07K",404.97989
"22.10.2020",1294.32,1299,1312.95,1271.06,"377.44K",404.23139
"21.10.2020",1299.13,1339.74,1373.54,1286.77,"708.25K",403.49639
"20.10.2020",1333.66,1298,1378.11,1295.01,"741.96K",402.7562
"19.10.2020",1284.05,1276.14,1298.8,1266.78,"645.13K",401.98622
"16.10.2020",1271.38,1269.89,1280.52,1258.05,"363.86K",401.25603
"15.10.2020",1257.89,1206,1261.4,1206,"468.18K",400.53514
"14.10.2020",1238.7,1282.94,1283.7,1218.32,"605.76K",399.82423
"13.10.2020",1269.17,1217,1279.76,1205,"583.49K",399.12807
"12.10.2020",1215.75,1222,1239,1202,"542.21K",398.40544
"09.10.2020",1199.84,1165.13,1202.99,1162.8,"455.36K",397.72602
"08.10.2020",1160.37,1162.98,1172,1150.72,"448.23K",397.0587
"07.10.2020",1145,1104.38,1148.64,1094.86,"555.89K",396.42314
"06.10.2020",1091.39,1086.79,1116.65,1085.01,"412.66K",395.79932
"05.10.2020",1090.58,1087.16,1095.11,1082,"315.15K",395.21918
"02.10.2020",1079.33,1083.55,1105,1063.7,"405.61K",394.63875
"01.10.2020",1115.34,1097,1117.82,1097,"424.26K",394.06674
"30.09.2020",1082.48,1092,1097.5,1078.49,"348.15K",393.46367
"29.09.2020",1082.87,1090,1090,1069.44,"235.34K",392.88709
"28.09.2020",1093.43,1100.62,1100.62,1072,"472.57K",392.30921
"25.09.2020",1062,1034.06,1068.39,1018.41,"419.54K",391.72152
"24.09.2020",1034.63,1004.26,1046.37,987.56,"553.81K",391.1592
"23.09.2020",1020.96,1070.41,1070.41,1011.42,"547.41K",390.61893
"22.09.2020",1060.97,1020.66,1061.32,1014.72,"626.92K",390.08923
"21.09.2020",1011.99,984.39,1012.14,966.74,"403.20K",389.52499
"18.09.2020",998.06,987.03,1005.55,970.85,"609.70K",389.00103
"17.09.2020",980.15,980,993.05,960,"737.99K",388.48792
"16.09.2020",1003,1035,1047.42,1001.09,"463.30K",387.98905
"15.09.2020",1029.99,1044,1044,1015.45,"451.33K",387.47005
"14.09.2020",1036.77,1062.71,1063.99,1030.11,"449.43K",386.92738
"11.09.2020",1032.98,1046.35,1055,1015.49,"405.35K",386.37806
"10.09.2020",1040.99,1076.84,1090,1030.38,"689.06K",385.83102
"09.09.2020",1057.34,1060.65,1070.09,1030.1,"667.94K",385.27627
"08.09.2020",1022.53,1020,1075.62,1014.78,"714.16K",384.70673
"04.09.2020",1083.38,1085.01,1102.29,1000,"899.67K",384.16574
"03.09.2020",1087.12,1168,1168,1068.79,"1.10M",383.57218
"02.09.2020",1195.96,1220,1221.78,1174,"717.68K",382.97444
"01.09.2020",1209.26,1200,1222.68,1195.63,"667.35K",382.28312
"31.08.2020",1168.59,1171.34,1174.59,1129.98,"706.30K",381.57931
"28.08.2020",1178.9,1208.01,1220.06,1172.86,"587.37K",380.90894
"27.08.2020",1201.4,1225.08,1225.08,1199.04,"253.56K",380.22864
"26.08.2020",1215.93,1228.06,1243.93,1210.25,"463.55K",379.52799
"25.08.2020",1224,1209.53,1233.05,1209.53,"274.47K",378.81372
"24.08.2020",1212.09,1221,1231,1200.01,"278.95K",378.09134
"21.08.2020",1202.28,1211,1221.06,1200,"291.36K",377.37791
"20.08.2020",1218.3,1196.77,1221.04,1196.77,"252.93K",376.67166
"19.08.2020",1212.45,1213.84,1228,1198,"411.75K",375.95047
"18.08.2020",1208.64,1190.48,1220.98,1184,"443.15K",375.23306
"17.08.2020",1189.87,1171.76,1197.59,1165.01,"427.83K",374.51769
"14.08.2020",1156.44,1171.65,1172.49,1145,"351.17K",373.81722
"13.08.2020",1157.05,1125,1161.5,1125,"839.28K",373.14428
"12.08.2020",1111.64,1117.42,1138.97,1101.22,"566.65K",372.46966
"11.08.2020",1100.01,1128.7,1145,1099.54,"670.45K",371.833
"10.08.2020",1124.31,1260.33,1260.33,1090,"1.10M",371.20526
"07.08.2020",1193.97,1218,1235,1162.31,"878.19K",370.55547
"06.08.2020",1219.96,1239.88,1246.01,1201.14,"423.95K",369.8444
"05.08.2020",1225.45,1193.61,1232.93,1186.06,"620.17K",369.10965
"04.08.2020",1173.93,1171.32,1175,1152,"396.39K",368.36887
"03.08.2020",1172.62,1134.47,1181.99,1134.47,"521.59K",367.67141
"31.07.2020",1124.62,1147.11,1150.82,1085.15,"726.54K",366.97388
"30.07.2020",1107.5,1096.24,1131.01,1076.42,"781.79K",366.31677
"29.07.2020",1086.91,1060.68,1095.34,1053.75,"475.52K",365.67339
"28.07.2020",1039.56,1058,1065,1039.56,"298.04K",365.04677
"27.07.2020",1070.44,996.68,1079.94,996.68,"563.19K",364.46023
"24.07.2020",988.99,968.03,1002.47,952.22,"449.65K",363.84581
"23.07.2020",982.3,1022.09,1033,977.21,"379.66K",363.30125
"22.07.2020",1019.39,1031.4,1045.1,1006,"341.90K",362.76159
"21.07.2020",1018.9,1059.99,1059.99,1013.39,"405.04K",362.18861
"20.07.2020",1024.81,980.34,1029.93,975,"424.87K",361.61507
"17.07.2020",964.72,964.62,972.95,941.44,"303.03K",361.03535
"16.07.2020",956.62,956.15,963.35,946,"329.73K",360.50719
"15.07.2020",971.63,978.28,987.18,956.8,"512.96K",359.9852
"14.07.2020",972.63,972.14,1000,950.41,"644.45K",359.44914
"13.07.2020",981.97,1053.99,1062.2,980,"539.16K",358.91126
"10.07.2020",1035.83,1020,1035.85,1001.61,"292.51K",358.36424
"09.07.2020",1018.41,1024.32,1024.32,993.62,"455.66K",357.76893
"08.07.2020",1015,1017.36,1019.99,1001.44,"386.10K",357.18789
"07.07.2020",1007.24,1000.44,1022.53,986.9,"408.46K",356.60883
"06.07.2020",995.93,1004.25,1034.24,991.13,"626.55K",356.03559
"02.07.2020",988.42,991.91,997.99,982.6,"316.77K",355.47131
"01.07.2020",977.14,985,993.05,968.83,"525.54K",354.91266
"30.06.2020",985.77,982,987.65,971.98,"301.00K",354.36299
"29.06.2020",980.83,970.3,986.78,950.36,"335.57K",353.80471
"26.06.2020",973.17,974.51,985.03,952.62,"500.85K",353.24982
"25.06.2020",971.44,951.57,972.18,949.62,"333.23K",352.70074
"24.06.2020",953.77,978.98,987.99,942,"460.30K",352.15221
"23.06.2020",977.49,995.3,998.11,976.38,"449.26K",351.61839
"22.06.2020",984.54,959,989,957.93,"502.15K",351.06255
"19.06.2020",952.96,929.19,961.99,922.5,"507.27K",350.49946
"18.06.2020",926.02,933.43,936.03,922.09,"439.85K",349.96346
"17.06.2020",935.73,960.24,966,928.66,"491.87K",349.4505
"16.06.2020",950.26,958.02,964.84,923.25,"623.58K",348.92797
"15.06.2020",924,885.86,940.38,877.02,"646.55K",348.39154
"12.06.2020",896.43,874.43,900.8,869.23,"761.71K",347.87761
"11.06.2020",855,873.62,889.87,845.86,"473.62K",347.38739
"10.06.2020",886.78,875.55,892,865,"448.33K",346.93335
"09.06.2020",866.43,849.75,876.73,848.69,"388.15K",346.45005
"08.06.2020",858.86,863.41,863.41,840.43,"571.40K",345.98412
"05.06.2020",866.93,850,871,839.52,"414.07K",345.52414
"04.06.2020",839.99,860,876.64,838.83,"452.71K",345.0561
"03.06.2020",853.52,862.73,872.79,851,"489.57K",344.61141
"02.06.2020",859.77,844.3,867,840,"469.01K",344.15376
"01.06.2020",844.08,852.05,859.6,842.27,"298.95K",343.68966
"29.05.2020",851.67,835,855,830.95,"555.38K",343.23886
"28.05.2020",827.16,817.11,838.43,811.21,"359.73K",342.7804
"27.05.2020",820.83,832.18,832.18,783.01,"647.72K",342.34323
"26.05.2020",834.17,859.14,864.05,828.32,"539.56K",341.91099
"22.05.2020",841.31,812.99,843.38,804.85,"440.68K",341.46591
"21.05.2020",814.71,824,829,802.11,"482.35K",341.01357
"20.05.2020",828.31,822,842.07,817.68,"526.67K",340.58449
"19.05.2020",805.96,801,827.2,799.59,"672.61K",340.14231
"18.05.2020",794.56,791.26,804.08,786.52,"426.16K",339.71961
"15.05.2020",775.05,768.96,782.64,765.32,"350.54K",339.30649
"14.05.2020",777.27,759.44,777.76,746.8,"487.43K",338.91036
"13.05.2020",768.54,765.61,777.98,753.12,"645.77K",338.51149
"12.05.2020",762.09,785.16,794.43,761.25,"512.68K",338.11985
"11.05.2020",781.11,780,805.84,776.59,"501.29K",337.73336
"08.05.2020",784.52,773.59,798.1,761.41,"629.40K",337.32882
"07.05.2020",772.02,750,772.72,738.67,"853.09K",336.92043
"06.05.2020",742.88,734,777.97,729.09,"2.36M",336.52271
"05.05.2020",620.94,618.85,633.9,610.83,"861.76K",336.15093
"04.05.2020",607.4,596.3,610.4,592.72,"415.83K",335.89014
"01.05.2020",605.52,571.4,609.81,570.01,"699.10K",335.64127
"30.04.2020",583.51,603.87,606.69,579.01,"604.47K",335.39368
"29.04.2020",602.42,605.01,611.76,591.04,"497.32K",335.16584
"28.04.2020",598.54,592.02,606.36,589,"456.83K",334.9202
"27.04.2020",589.47,591.43,593,575,"398.85K",334.67768
"24.04.2020",571.27,590.26,597.13,553.61,"728.61K",334.44307
"23.04.2020",586.71,609.01,614.99,582.13,"429.30K",334.22479
"22.04.2020",601.05,586.99,615,570.09,"669.96K",333.99187
"21.04.2020",573.38,595.72,598.15,562,"546.84K",333.74528
"20.04.2020",601.64,593.72,617.96,591,"550.71K",333.52381
"17.04.2020",597.5,626.18,628.13,582.8,"558.25K",333.27578
"16.04.2020",612.71,611.25,633.2,590.01,"932.90K",333.03113
"15.04.2020",588.64,551.87,595.84,540.9,"667.03K",332.77193
"14.04.2020",562.02,558.72,577.24,551.62,"644.48K",332.53457
"13.04.2020",543,528.02,546.99,517.01,"401.42K",332.32149
"09.04.2020",533.28,551.04,557.85,527.08,"497.03K",332.1257
"08.04.2020",544,536.25,548,527.08,"391.28K",331.93858
"07.04.2020",525.67,547.19,554.93,507.59,"711.51K",331.74113
"06.04.2020",506.16,473.88,509.25,470.09,"688.26K",331.56039
"03.04.2020",454.47,452.72,460.96,443.01,"868.47K",331.39752
"02.04.2020",462.87,445.47,472.2,443,"795.41K",331.28261
"01.04.2020",447.34,466,468.99,435.04,"965.92K",331.15963
"31.03.2020",488.58,475.86,499.9,473.5,"662.56K",331.05094
"30.03.2020",473.29,474.54,489.34,470.01,"640.07K",330.90345
"27.03.2020",471.43,476.19,485.07,457.53,"578.38K",330.77
"26.03.2020",489.56,490.05,497.95,468.43,"1.05M",330.63805
"25.03.2020",482.65,500,518.72,481.14,"880.18K",330.48883
"24.03.2020",490,483.74,504.45,480.89,"839.26K",330.34582
"23.03.2020",457.65,451.99,485,425.67,"897.68K",330.19563
"20.03.2020",452.88,472.88,525.53,451.5,"822.30K",330.07561
"19.03.2020",463.53,452.17,473.02,440.05,"673.04K",329.95987
"18.03.2020",452.17,450.61,496.1,422.22,"1.07M",329.83386
"17.03.2020",490.69,472.08,500,425.65,"1.12M",329.71834
"16.03.2020",467.32,455,507.16,451,"906.81K",329.56619
"13.03.2020",535.69,534.43,549.97,493.8,"1.23M",329.43587
"12.03.2020",502,496.22,520,472.25,"1.44M",329.24055
"11.03.2020",550.72,578.01,583.44,539.79,"580.50K",329.0768
"10.03.2020",599.07,566.35,599.08,546.03,"809.03K",328.86651
"09.03.2020",539.64,547.36,581.98,537.99,"1.05M",328.60991
"06.03.2020",614.51,600,618.06,585.89,"599.84K",328.40931
"05.03.2020",627.88,629.25,647.66,622.05,"403.41K",328.13709
"04.03.2020",653.63,647.6,658.95,642.39,"471.58K",327.85162
"03.03.2020",624.73,649.99,670,615.91,"606.77K",327.54106
"02.03.2020",642.11,621.24,643.4,613.39,"644.48K",327.25748
"28.02.2020",616.03,577.03,617,572.77,"1.05M",326.95676
"27.02.2020",600,614.86,633.17,600,"869.71K",326.6804
"26.02.2020",632.05,635.94,661.84,626.01,"1.29M",326.41885
"25.02.2020",630,698.64,702,626.9,"1.26M",326.1261
"24.02.2020",673.46,701.01,701.01,666.67,"1.28M",325.83476
"21.02.2020",735.6,739.88,747.42,721.49,"562.85K",325.50114
"20.02.2020",742.59,742.79,756.48,728,"730.96K",325.1072
"19.02.2020",742.74,733.76,745,732.14,"530.26K",324.70577
"18.02.2020",728.45,734.38,734.38,725,"914.88K",324.30343
"14.02.2020",735.01,720.87,735.24,718.06,"967.94K",323.91408
"13.02.2020",718.53,697.87,720.69,684.07,"1.11M",323.51765
"12.02.2020",699.82,656.88,700.96,655.81,"926.53K",323.13636
"11.02.2020",651.62,633.31,661.99,608.87,"1.45M",322.77242
"10.02.2020",658.23,647.1,660.97,646.15,"696.33K",322.45438
"07.02.2020",646.02,671,678.22,642.92,"960.39K",322.12933
"06.02.2020",671,689.4,689.4,668.49,"395.51K",321.81548
"05.02.2020",675.84,725.19,725.19,674.01,"654.26K",321.4768
"04.02.2020",709.86,691.44,711.16,684.22,"506.18K",321.13276
"03.02.2020",677.98,667,680.62,665.54,"341.11K",320.75499
"31.01.2020",663,670.99,670.99,660.93,"302.03K",320.40749
"30.01.2020",671.08,663.3,672.5,656.68,"266.96K",320.0739
"29.01.2020",668.61,678.99,681,666.02,"367.44K",319.73179
"28.01.2020",674.72,661.22,676.31,657.77,"359.63K",319.39142
"27.01.2020",653.86,647,655.41,636.37,"338.44K",319.04442
"24.01.2020",660.58,666.4,674.89,654.04,"272.97K",318.71714
"23.01.2020",663.33,660.93,669.99,653.38,"265.94K",318.38263
"22.01.2020",663.15,667.46,677.77,662.34,"357.22K",318.04478
"21.01.2020",658.46,665,666.77,647,"590.93K",317.70644
"17.01.2020",673.01,671.49,675,661.77,"359.20K",317.37204
"16.01.2020",666.46,665.83,667.11,653.37,"315.48K",317.02269
"15.01.2020",659.98,653.4,662.57,640.01,"592.39K",316.6791
"14.01.2020",652.07,690,693.98,649.24,"976.61K",316.3412
"13.01.2020",691.1,670.44,697.22,670.07,"660.95K",316.01043
"10.01.2020",669.48,653.79,670.15,648.63,"680.18K",315.64052
"09.01.2020",646.43,643.43,649.05,638.59,"413.87K",315.29122
"08.01.2020",633.44,625,637.82,624.55,"334.64K",314.96401
"07.01.2020",625,606.64,627.97,604.74,"481.97K",314.649
"06.01.2020",606.55,601.04,613.79,601,"209.82K",314.34172
"03.01.2020",607.8,602.62,609.84,600.06,"320.95K",314.05212
"02.01.2020",610.19,576.94,615.84,576.94,"588.24K",313.7607
"31.12.2019",571.94,582.79,582.79,568.94,"445.19K",313.46634
"30.12.2019",583.85,603.09,603.09,582.6,"333.93K",313.2094
"27.12.2019",599.24,598.9,605.94,593.64,"309.25K",312.94011
"26.12.2019",597.24,595,597.66,595,"175.01K",312.65495
"24.12.2019",594.53,594.15,599,593.43,"109.00K",312.37122
"23.12.2019",594.14,595.07,602.75,593.01,"264.81K",312.08962
"20.12.2019",592.54,582.87,593,574.19,"550.55K",311.80785
"19.12.2019",582.55,581.93,586.58,578.01,"556.30K",311.52712
"18.12.2019",582,586.66,589.41,576.85,"464.78K",311.25583
"17.12.2019",585.84,584.85,586.29,577,"253.18K",310.98454
"16.12.2019",582.18,571,585.58,567.02,"379.64K",310.70886
"13.12.2019",567.67,583.05,591.98,566.07,"631.37K",310.4363
"12.12.2019",579.98,582.96,591.69,578.5,"365.45K",310.17777
"11.12.2019",580.31,589,589,570,"462.49K",309.90634
"10.12.2019",586.69,583.44,591.57,581.06,"306.65K",309.63403
"09.12.2019",584.56,584.75,595.25,583.07,"366.61K",309.35474
"06.12.2019",583,584.43,590.64,580.51,"315.53K",309.07703
"05.12.2019",578.52,575,580.98,572.3,"266.59K",308.80034
"04.12.2019",575.24,580.77,582.57,574.02,"251.32K",308.52762
"03.12.2019",575.24,570.43,577.29,567.17,"431.16K",308.25767
"02.12.2019",580,579.87,580.33,555.88,"529.79K",307.98717
"29.11.2019",580.58,590.79,598.55,578,"297.87K",307.7113
"27.11.2019",589.4,586.25,590,580,"229.95K",307.43427
"26.11.2019",583.15,582.05,586.99,576.14,"553.38K",307.14772
"25.11.2019",585,567.23,587.5,566.97,"474.57K",306.86695
"22.11.2019",565.5,564.63,567.47,554.5,"434.59K",306.58372
"21.11.2019",562,548.62,563.63,546.48,"641.76K",306.31979
"20.11.2019",547.85,535,547.98,533.48,"585.84K",306.05889
"19.11.2019",536.33,533.3,537.31,518.19,"517.05K",305.81191
"18.11.2019",533.01,550.11,552.32,530.35,"624.88K",305.57621
"15.11.2019",550.1,541.1,551.64,538,"865.95K",305.34342
"14.11.2019",536.54,512.86,539.68,512.21,"877.81K",305.09264
"13.11.2019",513.73,499,515.43,496.6,"731.04K",304.85526
"12.11.2019",499.5,498.13,504.94,495.95,"727.21K",304.64081
"11.11.2019",497.62,491.42,499.2,489.58,"264.34K",304.44054
"08.11.2019",494.42,490.52,498.64,490.52,"390.65K",304.2418
"07.11.2019",491.99,487.45,499.78,485.45,"454.34K",304.04594
"06.11.2019",482.95,485.1,504.55,481.77,"628.97K",303.85219
"05.11.2019",485.06,485.41,497.39,477.21,"677.43K",303.66736
"04.11.2019",485.79,498.84,499.98,470.1,"1.37M",303.47997
"01.11.2019",490,520.1,531.9,488.37,"2.17M",303.29144
"31.10.2019",521.52,551.38,554.99,514,"973.56K",303.09816
"30.10.2019",551.05,542.01,552,535,"317.21K",302.87181
"29.10.2019",542.01,536.9,544.62,530,"273.01K",302.61437
"28.10.2019",540.03,554,558.34,539,"415.91K",302.36577
"25.10.2019",549.81,550,559.48,547.5,"272.11K",302.11872
"24.10.2019",551.62,545.48,554.96,543.19,"199.53K",301.86098
"23.10.2019",541.41,533.96,548.33,533.96,"237.32K",301.60081
"22.10.2019",536.89,545.49,551.07,535.16,"276.53K",301.35075
"21.10.2019",545.38,537.1,546.94,536.92,"253.78K",301.10489
"18.10.2019",536.27,549.91,549.91,534.15,"306.75K",300.84963
"17.10.2019",549.25,555.45,558.97,548.46,"383.22K",300.60338
"16.10.2019",548.98,567.06,567.06,545,"406.88K",300.34302
"15.10.2019",566.55,559.77,572.93,556.65,"419.38K",300.08239
"14.10.2019",555.58,552.98,558.59,551.48,"216.45K",299.80278
"11.10.2019",554.21,552.45,560.98,548.5,"492.94K",299.53411
"10.10.2019",542.41,530,547.41,530,"408.31K",299.26631
"09.10.2019",532.03,530,537.57,522.69,"432.33K",299.01037
"08.10.2019",525.63,544.3,545.47,523.78,"340.95K",298.76483
"07.10.2019",548.87,556.12,559.48,544.67,"276.41K",298.52552
"04.10.2019",559.22,560.56,568.09,549.6,"242.00K",298.26116
"03.10.2019",558.19,542.88,559.18,531.01,"313.15K",297.98531
"02.10.2019",544.09,551.45,551.79,538.89,"273.23K",297.70996
"01.10.2019",550.43,550.55,563.54,546,"325.84K",297.44896
"30.09.2019",551.23,545.84,551.98,536.06,"374.30K",297.18069
"27.09.2019",541.52,554.83,554.83,534.37,"339.73K",296.911
"26.09.2019",549.86,552.24,553.49,540.84,"315.40K",296.65105
"25.09.2019",551.87,534.53,553.89,531.95,"368.98K",296.38168
"24.09.2019",537.29,542.54,554.98,534.1,"479.83K",296.1096
"23.09.2019",540.09,544.31,547.78,536.37,"339.88K",295.85247
"20.09.2019",547.97,549,558.18,543.12,"494.56K",295.59181
"19.09.2019",549.31,542.5,556.53,541.85,"454.33K",295.32218
"18.09.2019",542.52,548.28,551.58,530.76,"573.69K",295.05053
"17.09.2019",549.98,553.12,559.06,546.99,"433.25K",294.78558
"16.09.2019",554.05,557.55,561,548.72,"514.78K",294.51206
"13.09.2019",566.83,571.01,573.97,563.19,"415.63K",294.23358
"12.09.2019",571.73,568.44,573.77,559.99,"371.81K",293.94078
"11.09.2019",560.88,551.05,574.09,543.76,"672.89K",293.64209
"10.09.2019",549.17,550,559,536.26,"1.07M",293.35442
"09.09.2019",571.13,608.4,608.4,555.93,"583.89K",293.07876
"06.09.2019",597.79,605.36,608.99,594.58,"198.38K",292.77881
"05.09.2019",605.69,602.02,612.83,597.16,"306.88K",292.44943
"04.09.2019",590,586,594.79,581.29,"379.24K",292.11079
"03.09.2019",581,587.19,592.94,573.92,"420.91K",291.7884
"30.08.2019",594.6,602.4,604.99,584.62,"290.21K",291.47506
"29.08.2019",593.49,590.79,596.8,578.85,"394.96K",291.14629
"28.08.2019",588.15,593.41,593.76,584.06,"385.68K",290.81801
"27.08.2019",594.13,609.75,614.79,591.75,"507.73K",290.49483
"26.08.2019",602.62,605.97,612.88,599.82,"332.05K",290.16443
"23.08.2019",598.18,613.89,619.74,595,"408.06K",289.82406
"22.08.2019",619.4,626.06,630.88,608.49,"278.05K",289.4878
"21.08.2019",629.83,622.52,634.54,620.01,"348.45K",289.12763
"20.08.2019",612.3,603.36,620.32,596.62,"362.19K",288.75528
"19.08.2019",603.35,637.44,639.69,597.34,"614.70K",288.40129
"16.08.2019",624.53,623,631.38,619.01,"354.19K",288.05633
"15.08.2019",613.25,620.99,628.5,604.54,"414.13K",287.68739
"14.08.2019",620,620.99,632.36,616.36,"464.94K",287.33002
"13.08.2019",637.57,644.89,656.14,627.03,"801.83K",286.96445
"12.08.2019",623.65,612.56,633.04,585.74,"1.76M",286.57875
"09.08.2019",690.1,682.69,698.98,675.09,"544.42K",286.20752
"08.08.2019",688.1,645,693.84,640,"1.14M",285.76222
"07.08.2019",613.54,596.98,614.96,581.13,"638.08K",285.31813
"06.08.2019",601.04,588.53,601.99,586.88,"566.02K",284.95546
"05.08.2019",574.25,598.52,602.66,567.39,"887.18K",284.60581
"02.08.2019",614.71,622.63,625,609.6,"341.77K",284.28505
"01.08.2019",626.45,624.53,648.55,617.02,"455.92K",283.91873
"31.07.2019",621.42,636.9,643.44,614.13,"427.11K",283.53856
"30.07.2019",633.78,646.73,650.05,629.63,"467.10K",283.16313
"29.07.2019",653.39,656.13,658.3,646.01,"312.91K",282.77313
"26.07.2019",654.71,650,662.9,647.14,"397.64K",282.36041
"25.07.2019",652.5,662.46,666.18,650.86,"558.34K",281.94531
"24.07.2019",660,631.34,660.3,627.54,"582.03K",281.53174
"23.07.2019",634.83,638.59,641.61,623.3,"417.10K",281.10887
"22.07.2019",636.51,631.4,640.95,630,"316.48K",280.71321
"19.07.2019",626.7,652.99,657.19,626.35,"479.28K",280.31478
"18.07.2019",648.67,630.13,650.9,629.98,"581.00K",279.92646
"17.07.2019",631.73,632.95,640.89,623.26,"383.91K",279.5126
"16.07.2019",633.95,649.78,652.98,630,"571.96K",279.11685
"15.07.2019",645.11,649.25,660.63,639.95,"636.76K",278.71772
"12.07.2019",644.79,633.85,647.86,628.76,"514.70K",278.30511
"11.07.2019",634.29,632.21,638.71,625.67,"467.75K",277.89194
"10.07.2019",633.33,646,654.17,619.5,"755.09K",277.48968
"09.07.2019",640.56,626.83,641.17,624.81,"339.37K",277.0876
"08.07.2019",629.97,635.71,635.71,624.22,"313.74K",276.67644
"05.07.2019",638.18,628,641.57,621.63,"300.94K",276.27633
"03.07.2019",633.52,630.98,633.52,619.01,"207.50K",275.86601
"02.07.2019",626.98,616,631.55,613.53,"425.09K",275.46005
"01.07.2019",619.31,627.19,637,612.38,"501.52K",275.06059
"28.06.2019",611.77,613.12,613.12,603.1,"375.09K",274.66895
"27.06.2019",610.67,608.83,614.39,607.34,"573.63K",274.28501
"26.06.2019",609.22,625.32,625.32,605.56,"462.16K",273.90145
"25.06.2019",614.54,623.43,624.99,609,"389.10K",273.51866
"24.06.2019",621.8,633.88,637.37,619.13,"357.67K",273.12893
"21.06.2019",630.65,635.92,644.71,624.89,"454.92K",272.72999
"20.06.2019",636.44,659.36,672.55,619.15,"581.88K",272.32
"19.06.2019",641.39,623.42,643.97,616.19,"390.92K",271.90243
"18.06.2019",622.75,626.72,632.09,621.68,"465.26K",271.47822
"17.06.2019",618.85,620.93,623.45,612.24,"460.03K",271.07446
"14.06.2019",616,632.87,635.59,609.41,"622.00K",270.67426
"13.06.2019",635.59,630,635.71,616.83,"568.00K",270.27642
"12.06.2019",623.41,608.33,633.11,608.33,"625.31K",269.85506
"11.06.2019",613.3,628.06,634,608.39,"455.84K",269.4468
"10.06.2019",616.46,625.89,632.67,613.03,"564.70K",269.04928
"07.06.2019",604.49,582,618,582,"695.30K",268.64719
"06.06.2019",581.69,569.14,587.37,565.48,"555.44K",268.25803
"05.06.2019",569.15,564.22,569.81,546.99,"700.00K",267.89442
"04.06.2019",551.71,568,577.69,544.44,"1.17M",267.54453
"03.06.2019",568.77,567.59,589.82,564.74,"688.09K",267.2141
"31.05.2019",570.52,566.56,576.71,560.41,"522.92K",266.86305
"30.05.2019",578.29,576.62,590,575.92,"400.17K",266.50914
"29.05.2019",573.61,595,597.41,568.34,"936.59K",266.14533
"28.05.2019",600.58,596,611.96,595.5,"593.76K",265.78614
"24.05.2019",592.55,584.44,595.68,584,"512.64K",265.39457
"23.05.2019",580.67,563.11,582.74,563,"424.59K",265.01149
"22.05.2019",569.49,565.85,589,563.03,"653.51K",264.64143
"21.05.2019",572.95,578.34,580,567.51,"366.48K",264.28363
"20.05.2019",574.09,572.99,577.66,564.68,"510.49K",263.92092
"17.05.2019",574.57,585.01,589.89,573.63,"551.64K",263.55601
"16.05.2019",595.73,573.57,596.7,573.57,"698.15K",263.18968
"15.05.2019",572.93,558.24,582.48,558.24,"583.06K",262.79754
"14.05.2019",562.69,551.24,565,546.96,"660.03K",262.43138
"13.05.2019",543.03,540.02,549.85,539.16,"664.46K",262.07647
"10.05.2019",557.84,542.7,558.77,536.58,"544.58K",261.74398
"09.05.2019",542.64,529.48,551.37,520.87,"546.74K",261.39315
"08.05.2019",536.06,536.29,554.37,535.66,"541.22K",261.05953
"07.05.2019",539.41,557.91,562.62,535.12,"726.96K",260.73292
"06.05.2019",567.69,565.58,580.43,562.31,"625.10K",260.40156
"03.05.2019",578.94,541.85,589.56,529.19,"2.20M",260.03574
"02.05.2019",482.35,484.35,491.98,478.78,"508.29K",259.65564
"01.05.2019",484.73,487.78,493.04,483.56,"320.09K",259.38989
"30.04.2019",484.14,491.57,495.65,482.33,"451.65K",259.12067
"29.04.2019",494.16,489.67,494.85,481.6,"437.73K",258.85151
"26.04.2019",489.52,491.19,495,485.35,"425.00K",258.5697
"25.04.2019",487.57,486.03,491.51,460,"1.22M",258.29278
"24.04.2019",486.01,503.34,504.94,475.14,"777.58K",258.01754
"23.04.2019",500,480.55,500.37,480.55,"661.77K",257.74351
"22.04.2019",490.77,490.8,495.1,488,"432.73K",257.45199
"18.04.2019",492,490.24,493.79,477.03,"663.59K",257.17088
"17.04.2019",498.38,499.32,503.46,486.69,"502.33K",256.88761
"16.04.2019",501.96,515.05,518.58,498,"469.58K",256.59595
"15.04.2019",513.68,503.03,516.39,502.69,"496.41K",256.29926
"12.04.2019",504.52,505.46,509.09,503.31,"358.22K",255.98766
"11.04.2019",503.73,507,510.5,499.19,"387.32K",255.68641
"10.04.2019",514.34,507.12,516.91,504.71,"347.96K",255.38539
"09.04.2019",505.18,500.74,510,500.74,"240.25K",255.07074
"08.04.2019",506.5,503.84,506.84,496.62,"210.93K",254.76647
"05.04.2019",502.85,511.7,511.7,498.44,"391.24K",254.45985
"04.04.2019",501.48,508.55,508.79,490.87,"708.17K",254.15694
"03.04.2019",508.58,522.55,527.09,507.7,"775.04K",253.85496
"02.04.2019",509.99,517.02,521.55,508.32,"575.80K",253.54356
"01.04.2019",518.11,516.28,525.9,514.95,"648.03K",253.22967
"29.03.2019",507.73,503.11,511.49,498.13,"389.62K",252.90506
"28.03.2019",497.15,497.16,504.2,488.35,"553.04K",252.59239
"27.03.2019",484.94,490.01,498.63,479.13,"634.62K",252.29195
"26.03.2019",493.9,497.32,501.37,490.45,"489.40K",252.00579
"25.03.2019",491.3,497.2,501.03,489.82,"402.62K",251.70789
"22.03.2019",497.37,499.28,503.56,489.37,"702.98K",251.41247
"21.03.2019",504.48,496.25,506.32,493.7,"463.49K",251.10881
"20.03.2019",497.95,484.86,500.59,482.84,"760.80K",250.79562
"19.03.2019",482.36,483.3,491.77,479,"687.54K",250.48974
"18.03.2019",484.97,490,494.39,479,"885.72K",250.20242
"15.03.2019",488.73,486.31,495,482.04,"1.12M",249.91114
"14.03.2019",493.79,503.36,506.8,491.76,"1.06M",249.61447
"13.03.2019",507.93,489.6,514.9,488,"3.29M",249.31077
"12.03.2019",483.48,481.49,484.43,472.16,"1.49M",248.9887
"11.03.2019",481.11,455.23,483.75,450.85,"1.14M",248.69632
"08.03.2019",449.59,436.45,450.15,436.45,"588.38K",248.40617
"07.03.2019",451.15,460,462.1,446.58,"1.32M",248.15469
"06.03.2019",461.53,466.6,469.08,457.16,"448.14K",247.90063
"05.03.2019",467.77,469.71,478.6,461.96,"705.44K",247.63292
"04.03.2019",463.8,455.88,465,449.68,"724.66K",247.35671
"01.03.2019",451.64,461.75,474.84,447,"1.41M",247.0848
"28.02.2019",458.79,444.18,462.07,443.45,"1.14M",246.8275
"27.02.2019",446.68,408,452.43,405.01,"2.63M",246.56054
"26.02.2019",369.49,372,374.92,362.51,"781.16K",246.30818
"25.02.2019",375.09,375.23,382.84,373.85,"548.34K",246.15265
"22.02.2019",374.06,367.17,374.31,366.25,"304.73K",245.98965
"21.02.2019",364.98,367,368.88,358.07,"427.14K",245.82753
"20.02.2019",368.34,367.35,372.48,363.17,"399.17K",245.67651
"19.02.2019",367.21,362.61,370.89,361.38,"488.87K",245.52085
"15.02.2019",363.1,364.19,365.56,360.01,"243.30K",245.36623
"14.02.2019",359.84,357,364.56,356,"373.57K",245.21644
"13.02.2019",360.57,365.03,367.86,357.54,"228.21K",245.07042
"12.02.2019",364,354.38,367.61,351.51,"527.21K",244.9231
"11.02.2019",350.83,350,355.11,346.99,"559.90K",244.77102
"08.02.2019",347.82,351.19,353.27,338.95,"908.11K",244.6354
"07.02.2019",358.2,354.58,361.5,345.39,"332.16K",244.50328
"06.02.2019",358.92,360.37,365.75,352.96,"501.51K",244.35751
"05.02.2019",363.25,370.28,374.97,362.31,"451.11K",244.21045
"04.02.2019",368.08,361.85,369.03,354.39,"358.42K",244.05744
"01.02.2019",364.66,365.73,366.89,359,"495.60K",243.89782
"31.01.2019",364,361.7,368.27,356.06,"733.80K",243.7422
"30.01.2019",362.02,352.13,366.34,351.3,"575.42K",243.58703
"29.01.2019",351.23,354.7,357,346.4,"453.18K",243.43402
"28.01.2019",355,338.12,356.42,335.28,"468.67K",243.29457
"25.01.2019",342.88,344.33,347.51,339.09,"469.31K",243.14987
"24.01.2019",339.15,331.07,339.83,330,"456.26K",243.02052
"23.01.2019",328.88,334.79,337.06,322.82,"420.52K",242.89568
"22.01.2019",330.86,340.99,342.38,324.12,"622.21K",242.78386
"18.01.2019",350.66,347.07,353.97,341.12,"475.91K",242.66918
"17.01.2019",342.23,341.26,346.29,335.11,"388.10K",242.52838
"16.01.2019",344.92,340,349.61,336.47,"643.61K",242.39822
"15.01.2019",350.1,341.19,350.99,341.19,"513.22K",242.26421
"14.01.2019",339.77,340.7,346.57,337,"400.68K",242.12306
"11.01.2019",344.95,337.49,348.46,333.86,"431.94K",241.99509
"10.01.2019",339.59,336.09,343.99,331,"620.41K",241.85997
"09.01.2019",339.96,333.1,347.79,330.55,"590.49K",241.73155
"08.01.2019",328.49,334.17,334.99,317.74,"500.93K",241.6023
"07.01.2019",328.94,315.73,330.89,315.73,"467.74K",241.48783
"04.01.2019",315.33,301.67,317.97,301.01,"606.57K",241.37245
"03.01.2019",296.59,295.08,300.5,289.14,"564.33K",241.27476
"02.01.2019",298.01,285.61,298.87,282.88,"349.03K",241.20159
"31.12.2018",292.85,295,298.32,285.11,"390.32K",241.12634
"28.12.2018",292.09,291.89,299.81,282.44,"735.62K",241.05775
"27.12.2018",289.1,274.17,290.29,272.61,"579.30K",240.98997
"26.12.2018",281.81,261.23,283.91,260.42,"1.03M",240.926
"24.12.2018",257.52,281.92,284.44,257.52,"1.01M",240.87156
"21.12.2018",286.56,308.1,315.64,285.58,"1.42M",240.84936
"20.12.2018",306.4,311.52,319.02,304.1,"489.52K",240.78833
"19.12.2018",312.39,312.78,330.85,309.3,"747.85K",240.70061
"18.12.2018",310.83,312.9,320.16,307.42,"454.89K",240.60465
"17.12.2018",310.49,324.79,324.87,309.74,"535.05K",240.51051
"14.12.2018",326.52,329,337.33,324.13,"497.45K",240.41658
"13.12.2018",333.51,360.1,361,333.33,"721.48K",240.30085
"12.12.2018",361.36,359.65,366.12,354.93,"487.77K",240.1754
"11.12.2018",355.24,361,364.94,351.68,"591.68K",240.01208
"10.12.2018",353.52,345.02,357.52,342.49,"446.88K",239.85657
"07.12.2018",346.56,349.5,357.91,341.65,"389.97K",239.70297
"06.12.2018",350.56,344.02,350.89,340.26,"600.83K",239.55838
"04.12.2018",354.85,369,373.92,351.06,"718.80K",239.40797
"03.12.2018",369.51,360.91,374.84,359,"788.91K",239.25133
"30.11.2018",351.97,359.34,362.03,351.71,"915.36K",239.07435
"29.11.2018",357.99,343.52,359.38,342,"616.41K",238.92075
"28.11.2018",345.78,335,346.02,326.86,"658.52K",238.75853
"27.11.2018",331.72,320.32,332.01,314.21,"391.10K",238.61252
"26.11.2018",322.18,316.79,323.68,314.12,"644.25K",238.48533
"23.11.2018",309.82,314.08,321.16,308.53,"480.02K",238.37083
"21.11.2018",319,319,321.99,312.51,"692.05K",238.27296
"20.11.2018",313.79,327.33,332.3,312.03,"1.14M",238.16222
"19.11.2018",335.39,341.16,343.94,333.26,"519.79K",238.05834
"16.11.2018",344.61,336.39,347.59,331.81,"450.41K",237.92446
"15.11.2018",340.77,336.96,344.61,331.55,"624.72K",237.77751
"14.11.2018",336.86,339,341,329.3,"614.82K",237.63545
"13.11.2018",327.94,323.71,330.57,321.46,"396.38K",237.4984
"12.11.2018",322,325.69,328.35,318.41,"596.34K",237.37331
"09.11.2018",325.69,326.93,328.93,318.44,"427.95K",237.25609
"08.11.2018",331.47,347.51,348.43,327.58,"568.31K",237.13344
"07.11.2018",349.56,340,349.91,329.53,"549.20K",237.00242
"06.11.2018",336.19,352.76,356.36,335.24,"593.32K",236.84587
"05.11.2018",357.62,353.59,360.49,350.74,"386.47K",236.70751
"02.11.2018",354.39,348,368.84,346.37,"1.36M",236.53887
"01.11.2018",341.65,330.89,343.44,320.06,"846.26K",236.37427
"31.10.2018",324.5,315.07,329.51,315,"1.04M",236.22703
"30.10.2018",310.41,286.68,312.8,285.1,"868.62K",236.1034
"29.10.2018",287.34,300.98,304.5,281.3,"956.25K",235.99919
"26.10.2018",295.37,295.71,302.88,287.28,"725.30K",235.92708
"25.10.2018",297.59,296.17,302.2,291,"601.77K",235.84347
"24.10.2018",291.4,306.76,309.45,291.07,"490.79K",235.75651
"23.10.2018",306.86,303.02,309.38,295.6,"505.61K",235.67803
"22.10.2018",313.56,305.99,318.14,301.95,"580.95K",235.57749
"19.10.2018",301.87,300.92,312.13,298.78,"418.44K",235.46719
"18.10.2018",298.76,313.18,317.25,297,"499.10K",235.37313
"17.10.2018",313.37,307.91,319.03,304.69,"536.87K",235.28322
"16.10.2018",308.6,297.2,309.3,296.01,"1.24M",235.1723
"15.10.2018",294.75,303.28,303.28,291.5,"1.29M",235.06785
"12.10.2018",303.42,311.94,314.21,295.4,"1.35M",234.98283
"11.10.2018",304.86,314.72,320.75,298.07,"944.96K",234.88521
"10.10.2018",319.07,336.39,338.71,314.53,"835.23K",234.78524
"09.10.2018",340.06,337.47,341.5,333.87,"495.84K",234.66466
"08.10.2018",339.5,348.94,351.41,327.51,"1.11M",234.51367
"05.10.2018",335.64,340.62,349.94,330.29,"635.27K",234.36304
"04.10.2018",339.46,351.75,352,332.16,"595.69K",234.21753
"03.10.2018",354.1,356.56,362.33,350.26,"716.75K",234.0661
"02.10.2018",353.9,334.59,354.49,332.82,"1.05M",233.89314
"01.10.2018",332.49,343.84,353.11,331.74,"882.80K",233.71997
"28.09.2018",340.47,337.74,344.65,336.53,"487.26K",233.57724
"27.09.2018",340.08,333.31,346.1,325.09,"1.02M",233.42255
"26.09.2018",330.75,320.73,337.5,320,"949.68K",233.26797
"25.09.2018",319.62,333.26,333.89,318.02,"800.31K",233.12649
"24.09.2018",331.38,317,334.15,313.34,"1.04M",233.00077
"21.09.2018",319.68,324.42,330.11,319.3,"643.84K",232.85757
"20.09.2018",323.08,318.88,325.28,316.69,"520.63K",232.73101
"19.09.2018",315.81,315.5,319.5,310.65,"799.45K",232.59911
"18.09.2018",315.08,323.15,331.99,314.5,"827.92K",232.47746
"17.09.2018",322.26,323.93,328.69,317.11,"530.89K",232.35652
"14.09.2018",325.04,321.61,329.52,318.25,"745.36K",232.22469
"13.09.2018",320.67,320.31,332.83,319.6,"532.12K",232.0884
"12.09.2018",316.9,318,321.42,310.79,"696.31K",231.95813
"11.09.2018",318.73,317.31,326.45,315.97,"568.06K",231.83303
"10.09.2018",319.43,327.72,329.25,318.36,"426.17K",231.70487
"07.09.2018",326.5,320,332.5,317.77,"554.47K",231.57529
"06.09.2018",320.76,328.97,331.7,320.31,"992.92K",231.43487
"05.09.2018",328,339.91,340.68,323.01,"1.27M",231.30253
"04.09.2018",342.27,340,345.6,336.97,"708.06K",231.15907
"31.08.2018",342.41,338.44,343.37,336.55,"883.62K",230.99397
"30.08.2018",340.15,375.41,375.41,339.33,"1.83M",230.82817
"29.08.2018",377.44,379.4,381.01,374,"638.10K",230.66525
"28.08.2018",378.18,374.95,381.9,372.28,"578.89K",230.44618
"27.08.2018",374.85,370.98,377.57,368.77,"658.41K",230.22535
"24.08.2018",367.54,350.07,373.12,349.17,"1.45M",230.00885
"23.08.2018",348.33,342.5,355,341.86,"653.95K",229.80265
"22.08.2018",344.93,332.92,345.98,328,"1.66M",229.62468
"21.08.2018",328.45,319,335.66,315.15,"1.18M",229.45129
"20.08.2018",319.75,323.83,325.21,315.25,"863.42K",229.3022
"17.08.2018",324.2,333.29,334.66,321.57,"860.17K",229.16578
"16.08.2018",334.8,349.04,351,333.61,"717.04K",229.02222
"15.08.2018",344.79,355,357.49,339.94,"1.16M",228.86219
"14.08.2018",363.51,362.36,365.61,355.31,"267.54K",228.68655
"13.08.2018",358.86,371.95,371.95,357.09,"726.10K",228.48196
"10.08.2018",372.35,378.86,384.97,365.61,"986.53K",228.28381
"09.08.2018",384.39,337.88,394.92,337.19,"2.10M",228.06454
"08.08.2018",344.43,348.07,356.13,343.01,"672.40K",227.82623
"07.08.2018",347.42,349.52,351.51,343.23,"893.93K",227.64821
"06.08.2018",348.52,342.82,349.74,340.4,"339.87K",227.46508
"03.08.2018",343.88,340.89,344.11,336.5,"380.95K",227.27969
"02.08.2018",339.27,343.09,345,335.08,"662.04K",227.10086
"01.08.2018",346.14,342.06,353.26,339.8,"580.90K",226.92856
"31.07.2018",342.91,342.69,354.56,339.52,"658.36K",226.74515
"30.07.2018",343.25,355.97,356.62,340.44,"787.16K",226.56616
"27.07.2018",354.57,365.63,366.43,350.22,"562.50K",226.3861
"26.07.2018",363.73,355.61,367,355.61,"397.43K",226.18798
"25.07.2018",364.99,355.99,366.56,351.87,"516.29K",225.97506
"24.07.2018",353,366.79,368.11,350.33,"671.67K",225.75953
"23.07.2018",363.29,373.8,374.98,357.25,"961.28K",225.56196
"20.07.2018",373.46,372.93,381.5,368.74,"779.12K",225.34776
"19.07.2018",374.61,366.51,375.45,363.7,"948.09K",225.11706
"18.07.2018",369.35,360.23,377.66,359.7,"2.05M",224.88384
"17.07.2018",359.8,339,362.74,332.11,"1.71M",224.65811
"16.07.2018",343.25,328.76,346.66,326.26,"1.03M",224.44662
"13.07.2018",327.68,318,329.15,315.13,"935.10K",224.26041
"12.07.2018",318.05,306.09,321.61,303.67,"715.92K",224.09805
"11.07.2018",303.24,303.12,306.6,300,"392.19K",223.95033
"10.07.2018",308.15,311.3,312,305.26,"590.82K",223.82546
"09.07.2018",309.77,314.16,316.11,302.15,"588.64K",223.69246
"06.07.2018",312.91,306.31,314.87,304,"503.84K",223.55648
"05.07.2018",304.46,298.72,305.52,293.52,"429.59K",223.41509
"03.07.2018",297.43,298.92,300.98,294.54,"225.19K",223.28666
"02.07.2018",295.7,294.15,299.49,291.06,"591.74K",223.16897
"29.06.2018",298.93,297.59,303.24,296.49,"537.70K",223.05366
"28.06.2018",296.8,285.35,300,285.35,"675.70K",222.93283
"27.06.2018",285.35,299.28,302.98,284.89,"692.00K",222.81502
"26.06.2018",298.35,296.46,305.87,295,"984.96K",222.71513
"25.06.2018",288.27,287.48,289.84,281.79,"577.25K",222.59411
"22.06.2018",290.86,292.48,295,285.03,"481.08K",222.48886
"21.06.2018",287.37,301.65,301.65,286.76,"595.31K",222.37912
"20.06.2018",296.48,298.38,305.36,295.09,"767.49K",222.27463
"19.06.2018",295.26,288,298.42,286.12,"648.67K",222.15514
"18.06.2018",294.58,300,303.26,290.5,"995.15K",222.03723
"15.06.2018",303.82,307.35,307.47,295.1,"821.26K",221.92003
"14.06.2018",305,294.15,309.8,292.34,"1.85M",221.78751
"13.06.2018",291,300.98,303.58,290.09,"858.93K",221.65264
"12.06.2018",301.14,297.73,306.49,293,"528.66K",221.54006
"11.06.2018",297.73,288.28,308.41,287.21,"1.46M",221.41063
"08.06.2018",288.8,292.01,292.98,282.26,"1.44M",221.28634
"07.06.2018",288.85,315,315,283.11,"1.48M",221.1762
"06.06.2018",315,306.99,321.04,306.05,"759.00K",221.06562
"05.06.2018",307.02,307.84,313.11,305.71,"634.89K",220.91188
"04.06.2018",307.65,297.28,307.99,297.28,"478.77K",220.77072
"01.06.2018",296.66,292.39,299.14,290.4,"558.64K",220.62806
"31.05.2018",290.83,300.39,304,290.09,"1.03M",220.50301
"30.05.2018",302.27,298.35,303.63,293.35,"1.08M",220.38715
"29.05.2018",297.71,308.13,308.26,281,"2.46M",220.25203
"25.05.2018",314.7,315.91,319.54,312.29,"1.54M",220.124
"24.05.2018",314.93,301.89,316.48,297.51,"1.38M",219.96742
"23.05.2018",304.79,294,307.64,292.7,"687.32K",219.80993
"22.05.2018",294.76,292.48,297.55,290.03,"677.66K",219.66877
"21.05.2018",290.6,295.82,298.83,287.53,"493.48K",219.54383
"18.05.2018",295.37,297.75,304.66,292.24,"605.54K",219.4254
"17.05.2018",298.85,303.03,303.44,296.39,"765.52K",219.29861
"16.05.2018",305.13,289.56,305.73,285.07,"1.38M",219.16559
"15.05.2018",290.75,294.2,295.89,284.37,"1.20M",219.02159
"14.05.2018",298.58,310.63,314.78,296.68,"1.02M",218.90124
"11.05.2018",309.01,315.43,321.29,308.17,"835.93K",218.76733
"10.05.2018",316.63,309.89,335.99,305.98,"1.86M",218.6154
"09.05.2018",325.31,336.32,339,325.06,"1.36M",218.45012
"08.05.2018",333.44,334.22,338.16,331.18,"396.57K",218.26961
"07.05.2018",339.31,332.69,342.19,327.02,"625.01K",218.07474
"04.05.2018",329.97,327.29,331.34,325.47,"847.63K",217.86925
"03.05.2018",330.59,331.91,336.03,328.75,"678.09K",217.67893
"02.05.2018",333.25,337.53,342.82,332.28,"639.14K",217.4869
"01.05.2018",339.46,339.39,342.99,335.25,"310.41K",217.28969
"30.04.2018",339.61,340.79,346.15,337.43,"297.87K",217.08121
"27.04.2018",341.17,354,354,337,"530.70K",216.87176
"26.04.2018",344.45,339.38,350.83,337.19,"776.35K",216.65892
"25.04.2018",336.13,326.48,338.2,323.71,"883.17K",216.43973
"24.04.2018",328.77,331.56,340.7,326.22,"699.92K",216.23407
"23.04.2018",330.46,325.17,331.5,324.9,"540.25K",216.04038
"20.04.2018",324.49,329.45,332.41,318.28,"745.49K",215.8431
"19.04.2018",330,345,345,325.77,"1.32M",215.65546
"18.04.2018",345.1,339.34,347.97,333.51,"742.79K",215.45763
"17.04.2018",337.54,319.65,338.54,313.55,"992.54K",215.23295
"16.04.2018",322.78,331.28,332.01,321.81,"822.02K",215.02061
"13.04.2018",329.67,330.12,334.29,326.51,"1.00M",214.8332
"12.04.2018",327.4,331.05,335.99,326,"1.00M",214.63314
"11.04.2018",328.7,348.21,348.21,328.38,"1.20M",214.43634
"10.04.2018",347.83,349.64,352.78,341.48,"741.23K",214.23657
"09.04.2018",342.67,345,351.42,340.07,"361.96K",214.00261
"06.04.2018",342.54,348.7,353,340,"371.75K",213.77688
"05.04.2018",351.96,357.65,362.69,350.51,"697.96K",213.55058
"04.04.2018",355.48,335.6,357.12,332.85,"530.38K",213.3069
"03.04.2018",342.87,351.31,356.23,338.64,"414.82K",213.05616
"02.04.2018",347.2,348.26,355.09,343.69,"536.75K",212.8268
"29.03.2018",356.39,342,357.56,338.26,"573.68K",212.58897
"28.03.2018",341.22,351.48,358.43,335.13,"822.44K",212.33401
"27.03.2018",352.21,356.02,363.39,348.91,"1.36M",212.10508
"26.03.2018",353.4,352.35,354.39,342.58,"476.57K",211.85578
"23.03.2018",344.73,350,353.47,340.01,"571.69K",211.60348
"22.03.2018",350.6,356.12,358.45,344.49,"699.09K",211.36575
"21.03.2018",361.85,364.88,366.13,358.66,"440.41K",211.11667
"20.03.2018",364.73,368.39,371.5,355.51,"632.02K",210.84654
"19.03.2018",366.51,374.74,383.95,363.55,"1.42M",210.57027
"16.03.2018",378.44,389.04,390.57,373.35,"717.34K",210.2898
"15.03.2018",387.11,394.52,397.78,386.24,"667.03K",209.98683
"14.03.2018",404.97,406.74,412.17,402.81,"315.62K",209.66711
"13.03.2018",406.41,413.41,417.91,402.31,"477.18K",209.31394
"12.03.2018",410.05,414.81,415.71,401.18,"562.09K",208.95688
"09.03.2018",413.94,401.62,415.66,400,"497.45K",208.59192
"08.03.2018",397.32,391.6,406,389.06,"950.62K",208.21856
"07.03.2018",407.88,408.26,411.75,397.31,"565.82K",207.87412
"06.03.2018",410.25,394.91,411.7,393,"812.24K",207.50914
"05.03.2018",390.89,387.61,395.96,382.98,"600.15K",207.1385
"02.03.2018",388.96,381.31,389.18,372.24,"560.17K",206.80196
"01.03.2018",385.38,388.69,390.6,378.92,"469.90K",206.46772
"28.02.2018",387.97,388.47,399.34,380.64,"976.04K",206.13884
"27.02.2018",375.44,392.56,397.88,373.02,"1.01M",205.80398
"26.02.2018",392.56,388.66,392.92,381.02,"815.16K",205.491
"23.02.2018",387.26,359.89,390.55,356.09,"1.94M",205.14521
"22.02.2018",369.5,376,379.95,366.96,"755.24K",204.80796
"21.02.2018",373.34,380,383.56,372.61,"462.31K",204.50241
"20.02.2018",375.78,368.99,376.2,366.85,"523.24K",204.18859
"16.02.2018",369.87,377.21,380.22,369.68,"447.40K",203.86905
"15.02.2018",379.05,381.01,383.26,367.34,"536.88K",203.55935
"14.02.2018",375.71,361.82,378.75,361.82,"435.87K",203.23133
"13.02.2018",366.51,352.62,367.7,351.44,"542.69K",202.90833
"12.02.2018",353.45,339.07,366.29,339.07,"1.12M",202.60139
"09.02.2018",335.86,348.68,358.19,320.2,"1.58M",202.31784
"08.02.2018",345.31,346.71,350.53,337.62,"1.02M",202.06635
"07.02.2018",343.55,348.1,357.97,343.12,"726.96K",201.79608
"06.02.2018",350.46,345.09,358.35,336.66,"1.06M",201.52811
"05.02.2018",351.99,363.1,374.45,351.9,"610.82K",201.24604
"02.02.2018",368.39,377.04,379.94,367,"591.29K",200.96
"01.02.2018",378.76,385.75,387.68,377.55,"402.84K",200.64169
"31.01.2018",387.1,386.15,392,384.07,"361.07K",200.30242
"30.01.2018",386.37,385.88,387.02,375.02,"659.08K",199.94594
"29.01.2018",390.27,382.1,395.67,382.04,"1.08M",199.58948
"26.01.2018",381.86,365.12,383.69,365.12,"926.87K",199.2242
"25.01.2018",360.06,359,360.52,352.48,"536.89K",198.87365
"24.01.2018",355.6,362.61,363.76,347.2,"523.43K",198.56367
"23.01.2018",355.43,354.08,356.81,353.14,"467.44K",198.2611
"22.01.2018",352.27,355.5,355.66,343.35,"491.71K",197.95768
"19.01.2018",345.31,340.94,345.86,340,"337.22K",197.65921
"18.01.2018",341.88,340.45,347.28,338.41,"1.04M",197.37306
"17.01.2018",340.45,342.66,345.9,340.28,"405.07K",197.09247
"16.01.2018",339.85,345.94,348.17,339.07,"381.62K",196.81356
"12.01.2018",342.47,342.63,344.52,338.01,"305.33K",196.53474
"11.01.2018",342.02,341.11,343.19,336.67,"311.21K",196.24971
"10.01.2018",339.55,336.12,339.98,333.23,"658.85K",195.96444
"09.01.2018",337.65,343.29,344.18,336.18,"285.76K",195.6829
"08.01.2018",340.79,328.12,341.47,327.66,"491.22K",195.40399
"05.01.2018",330.87,329.2,336.49,328.6,"589.05K",195.1178
"04.01.2018",325.88,329.89,332.94,322.55,"389.38K",194.85004
"03.01.2018",329.28,324.67,329.97,322.5,"444.12K",194.59109
"02.01.2018",322.58,317.49,322.63,316.27,"366.92K",194.32438
"29.12.2017",314.66,314.49,318.21,312.69,"416.23K",194.0699
"28.12.2017",315.57,319.4,322.48,314.11,"464.93K",193.83016
"27.12.2017",319,318.6,320.79,315,"581.09K",193.58765
"26.12.2017",318.49,314.35,323.35,313.4,"537.66K",193.33733
"22.12.2017",314.83,318.94,320.28,313.11,"449.97K",193.08702
"21.12.2017",318.54,314.28,321.36,314.28,"530.38K",192.84305
"20.12.2017",314.9,317.5,322.99,311.04,"1.30M",192.59064
"19.12.2017",329.28,326.03,334.99,322.57,"709.05K",192.34455
"18.12.2017",326.12,322.81,329.06,319.79,"555.85K",192.06847
"15.12.2017",318.91,323.71,323.71,315.25,"861.98K",191.79766
"14.12.2017",321.01,316.1,329,314.61,"880.25K",191.54034
"13.12.2017",318.94,310.55,321.54,307.53,"1.74M",191.27773
"12.12.2017",295.12,286.43,298.8,285.14,"975.44K",191.01825
"11.12.2017",288.8,276.05,289.28,276,"887.86K",190.80623
"08.12.2017",276.45,275.41,280.64,273.2,"444.96K",190.60624
"07.12.2017",272.68,271.46,273.72,268.9,"379.88K",190.4307
"06.12.2017",272.21,269.8,274.39,267.01,"573.87K",190.26215
"05.12.2017",270.8,272.8,278.69,269.77,"910.70K",190.09388
"04.12.2017",271.73,275,281.35,271.52,"864.93K",189.92782
"01.12.2017",272.91,273.54,282.55,270.5,"727.36K",189.75915
"30.11.2017",275.14,271.44,276.48,270.36,"866.18K",189.58736
"29.11.2017",267.7,269.73,272.42,266.21,"830.09K",189.41023
"28.11.2017",269.84,270.79,272.16,263.71,"498.65K",189.2478
"27.11.2017",272.62,272.38,277.89,271.02,"648.62K",189.08025
"24.11.2017",271.38,265.76,272.6,265.33,"243.07K",188.90621
"22.11.2017",265.89,267.74,269.01,263.43,"313.85K",188.73403
"21.11.2017",268.76,266.5,270.36,265.84,"371.67K",188.57262
"20.11.2017",265.84,268.6,271.98,263.57,"508.85K",188.40451
"17.11.2017",269.73,265.17,270.6,259.12,"676.41K",188.24183
"16.11.2017",262.48,263.49,267.88,259.1,"705.11K",188.07027
"15.11.2017",263.54,260.3,266.96,258.06,"361.09K",187.91329
"14.11.2017",262.49,264.39,267.07,259.18,"383.61K",187.7534
"13.11.2017",267.08,265.23,273.68,262.74,"497.54K",187.59506
"10.11.2017",270.87,264.6,273.75,261.54,"839.31K",187.42631
"09.11.2017",266.41,253.98,268.6,250.83,"1.25M",187.24877
"08.11.2017",260.1,264.01,268,259.01,"563.97K",187.07998
"07.11.2017",265.63,269.31,269.35,259.51,"608.11K",186.92395
"06.11.2017",268.53,265.63,274.45,263.06,"773.39K",186.75542
"03.11.2017",267.35,256.25,273.78,251.97,"2.94M",186.57994
"02.11.2017",236,240.48,240.48,234.67,"1.01M",186.40624
"01.11.2017",239.02,242.5,243.89,233.58,"689.14K",186.29935
"31.10.2017",240.31,236.24,240.93,233.5,"436.50K",186.18549
"30.10.2017",234.5,232.02,237.5,229.63,"694.45K",186.06833
"27.10.2017",236.05,231.4,238.82,228.97,"872.30K",185.96328
"26.10.2017",229,226.3,230,222.74,"1.05M",185.85439
"25.10.2017",221.51,224.45,228.13,217.06,"860.95K",185.76039
"24.10.2017",225.42,226.5,230.85,222.1,"1.10M",185.68234
"23.10.2017",226.35,227.56,232.5,223.22,"1.24M",185.59538
"20.10.2017",235.73,237,237.65,233.8,"782.97K",185.50601
"19.10.2017",236,241.91,241.91,233.2,"859.00K",185.39563
"18.10.2017",242.41,240.06,243.8,237.22,"1.23M",185.28416
"17.10.2017",234.79,232.17,237.51,230.87,"1.10M",185.15806
"16.10.2017",233,245.11,248.9,228.74,"2.24M",185.04825
"13.10.2017",244.9,245.87,251.18,241.5,"1.31M",184.94193
"12.10.2017",246.26,259,260,241.71,"3.16M",184.80869
"11.10.2017",274.49,274.15,275.91,272.06,"572.88K",184.67183
"10.10.2017",273.64,272.23,276.05,269.37,"651.90K",184.47134
"09.10.2017",269.92,268.82,272.25,268,"390.00K",184.27186
"06.10.2017",268.82,268.35,272.71,265.03,"427.68K",184.07982
"05.10.2017",270.23,265.68,271.54,263.83,"590.95K",183.88939
"04.10.2017",263.81,264.36,270.97,260.01,"679.15K",183.69493
"03.10.2017",264.36,262.57,264.61,256.27,"646.01K",183.51409
"02.10.2017",263.65,258.92,266.98,258.92,"612.12K",183.33118
"29.09.2017",258.93,263.6,265.9,257.84,"657.24K",183.14905
"28.09.2017",261.99,266.16,268.74,260.07,"585.64K",182.97682
"27.09.2017",267.4,270.08,275.29,266.84,"499.44K",182.79683
"26.09.2017",269.27,271.51,273.66,265.11,"547.07K",182.60368
"25.09.2017",270.22,279.73,279.82,262.23,"1.10M",182.40535
"22.09.2017",279.46,280.07,283.68,279.27,"507.33K",182.20394
"21.09.2017",281.87,291.3,291.85,279.61,"581.48K",181.98037
"20.09.2017",290.2,289.33,296.35,287.06,"720.50K",181.75021
"19.09.2017",289.97,289.19,290.25,285,"463.61K",181.49975
"18.09.2017",289.71,282.95,290.97,281.75,"606.78K",181.24866
"15.09.2017",282.71,287.51,289.43,281.28,"811.10K",180.99701
"14.09.2017",287.92,290.57,292.44,287.54,"465.36K",180.76047
"13.09.2017",292.21,290,293.31,287.57,"381.02K",180.51068
"12.09.2017",290.79,284.17,295.68,281.88,"1.11M",180.2497
"11.09.2017",285.26,265.08,286.66,265.07,"1.29M",179.99082
"08.09.2017",259.98,258.21,262.25,258.21,"342.54K",179.74371
"07.09.2017",258.68,258.92,260.95,256.16,"432.03K",179.55492
"06.09.2017",257.88,257.67,259.35,251.92,"466.37K",179.3683
"05.09.2017",256.63,252.6,257.76,251.51,"596.05K",179.1827
"01.09.2017",251.91,258.01,258.73,251.37,"513.56K",178.99917
"31.08.2017",258.47,248.99,259.4,247.29,"948.34K",178.82599
"30.08.2017",246.75,242.31,247.13,240.15,"1.34M",178.63636
"29.08.2017",240.9,240,243.75,238.25,"612.12K",178.47379
"28.08.2017",242.54,246.67,248.28,241.67,"452.54K",178.32445
"25.08.2017",246.41,249.84,249.95,244.88,"667.97K",178.17046
"24.08.2017",243.62,244.57,245.17,240.64,"528.77K",178.00642
"23.08.2017",243.54,242,244.79,241.37,"325.76K",177.84831
"22.08.2017",243.29,241.96,244.82,241.75,"756.15K",177.68964
"21.08.2017",241.95,235.29,242.64,235.29,"733.75K",177.5308
"18.08.2017",236.14,234.09,238.34,232.72,"672.75K",177.37444
"17.08.2017",234.19,240.4,242.06,233.95,"802.00K",177.23146
"16.08.2017",241.9,238.89,242.65,236.71,"623.70K",177.09254
"15.08.2017",236.07,237.17,237.93,234.6,"579.73K",176.93408
"14.08.2017",236.94,243.2,243.2,234.55,"876.37K",176.78914
"11.08.2017",240.16,234.17,240.88,232.63,"1.30M",176.64135
"10.08.2017",232.64,250,251.43,232.17,"1.91M",176.4849
"09.08.2017",251.52,249.6,252.15,245.12,"1.31M",176.34625
"08.08.2017",251.92,256.17,259.17,251.05,"854.10K",176.16017
"07.08.2017",256.17,258.06,265.5,252.85,"1.54M",175.97218
"04.08.2017",260.47,262.3,272.09,258.12,"4.30M",175.77269
"03.08.2017",292.38,287,293.21,286.77,"955.54K",175.56147
"02.08.2017",286.6,293.69,293.86,281.39,"863.98K",175.26942
"01.08.2017",288.88,288.51,290.74,287.89,"781.34K",174.9904
"31.07.2017",288.42,291.44,292.9,286.37,"752.66K",174.70425
"28.07.2017",288.87,285.9,290.79,284.61,"742.30K",174.41781
"27.07.2017",286.64,287,290.99,280.05,"1.42M",174.12879
"26.07.2017",286.02,279.63,286.03,278.51,"693.63K",173.84395
"25.07.2017",279.26,281.51,282.5,275.9,"708.53K",173.55924
"24.07.2017",282.38,280.97,283.26,280.4,"435.37K",173.29028
"21.07.2017",280.26,281.2,282.1,279.33,"403.43K",173.01199
"20.07.2017",282.08,281.09,284.01,279.33,"504.37K",172.7377
"19.07.2017",280.56,280,281.48,278.23,"518.60K",172.45733
"18.07.2017",280.24,275,281.1,273.3,"463.52K",172.17943
"17.07.2017",276.12,274,279,272.76,"787.23K",171.90093
"14.07.2017",273.58,273.41,274.17,268.59,"475.96K",171.63163
"13.07.2017",271.54,273.4,276,269.8,"728.44K",171.36751
"12.07.2017",274.35,267.54,274.69,266.06,"805.06K",171.10732
"11.07.2017",262.41,258.57,263.39,256.46,"594.39K",170.83846
"10.07.2017",259.82,256.99,261.47,253.15,"597.31K",170.59937
"07.07.2017",255.6,252.24,257.9,252.18,"577.12K",170.36581
"06.07.2017",251.1,246.01,252.29,245.5,"614.08K",170.1421
"05.07.2017",248.98,250.39,253.83,246.2,"789.84K",169.92905
"03.07.2017",250.68,254.03,254.97,248.53,"236.65K",169.72047
"30.06.2017",250.88,254.1,254.48,249.13,"475.03K",169.5063
"29.06.2017",252.43,259.85,262.7,247.48,"764.08K",169.29045
"28.06.2017",262.31,260,263.23,250.34,"917.01K",169.06934
"27.06.2017",255.93,265.59,265.59,255.66,"739.12K",168.82069
"26.06.2017",268,276.09,278.69,267.7,"406.56K",168.58778
"23.06.2017",275.23,271.28,277.73,268.59,"483.60K",168.32126
"22.06.2017",275.75,277.36,280.34,273.14,"577.03K",168.03387
"21.06.2017",276.99,268.44,277.4,264.81,"563.56K",167.74353
"20.06.2017",271.27,274.34,275.64,270,"588.74K",167.44827
"19.06.2017",274.32,268.35,275.53,267.91,"596.46K",167.16691
"16.06.2017",263.45,263.05,266.98,260.91,"1.54M",166.87573
"15.06.2017",263.3,261.07,264.1,255.15,"940.10K",166.61259
"14.06.2017",265,273.87,274.97,264.77,"547.44K",166.34842
"13.06.2017",273,266.95,275.63,265.02,"534.47K",166.07814
"12.06.2017",270.73,273.97,274.91,264.25,"830.33K",165.7844
"09.06.2017",275.07,289.49,293.33,268.43,"642.34K",165.49529
"08.06.2017",288.12,288.11,289.65,282.22,"454.78K",165.1926
"07.06.2017",285.25,281.03,287.41,280.62,"392.75K",164.85208
"06.06.2017",280.04,278.5,285.51,277.79,"465.23K",164.51764
"05.06.2017",278.89,277.43,281.1,276.1,"346.22K",164.19585
"02.06.2017",280.37,280.25,282.72,277.5,"342.53K",163.87547
"01.06.2017",280.4,277.01,280.98,272.11,"519.93K",163.54916
"31.05.2017",275.11,281.64,283,272.68,"999.19K",163.22093
"30.05.2017",279.98,288,288.44,276.89,"778.07K",162.90575
"26.05.2017",286.95,294.49,295.23,286.38,"488.28K",162.57503
"25.05.2017",292.42,289.06,295.5,286.03,"584.21K",162.22269
"24.05.2017",286.28,282.8,288.01,279.59,"575.41K",161.85281
"23.05.2017",281.8,277.18,282.24,275.54,"480.63K",161.49832
"22.05.2017",275.37,275.5,280.69,273.65,"651.97K",161.1546
"19.05.2017",272.57,277.06,279.79,271.16,"629.59K",160.82734
"18.05.2017",270.81,250.72,275.89,248.2,"2.77M",160.50624
"17.05.2017",278.55,290.52,293,277.85,"1.03M",160.18836
"16.05.2017",297.22,290.6,297.95,287.07,"611.88K",159.84627
"15.05.2017",296.24,289.79,296.33,288.5,"574.28K",159.44809
"12.05.2017",287.28,282.01,292.34,282.01,"527.89K",159.05044
"11.05.2017",280.87,283.6,284.95,277.33,"1.17M",158.67659
"10.05.2017",282.26,284.59,284.7,278.17,"707.46K",158.3193
"09.05.2017",281.77,275,283.68,273.5,"550.52K",157.95584
"08.05.2017",274.96,275,276.97,273.03,"602.71K",157.59168
"05.05.2017",275.16,256.49,275.55,254.25,"1.74M",157.24546
"04.05.2017",236.51,235.68,241.33,234.18,"545.22K",156.8966
"03.05.2017",234.97,234.13,237,230.21,"372.55K",156.66036
"02.05.2017",234.76,235.49,237.55,230.5,"279.44K",156.42729
"01.05.2017",235.09,230.59,235.87,229.09,"314.76K",156.19346
"28.04.2017",228.91,232.29,232.29,228.51,"200.57K",155.95725
"27.04.2017",230.21,230.81,234.66,229.66,"336.10K",155.73817
"26.04.2017",228.28,229.67,230.49,226.18,"380.75K",155.51386
"25.04.2017",230.63,227.03,231.44,225.81,"652.62K",155.29402
"24.04.2017",225.9,225.59,227.25,223.94,"233.70K",155.06573
"21.04.2017",223.82,223.9,225,222.01,"231.29K",154.85043
"20.04.2017",223.41,220.93,226.21,219.66,"301.92K",154.64015
"19.04.2017",218.83,218.24,220.5,217.39,"259.00K",154.42985
"18.04.2017",217.83,220,220.06,217.21,"143.76K",154.2323
"17.04.2017",220.48,218.07,220.52,216,"503.55K",154.03662
"13.04.2017",215.46,216.79,217.57,214,"371.47K",153.83154
"12.04.2017",216.31,219.92,221.35,215.66,"562.89K",153.64074
"11.04.2017",219.78,219.06,220.31,216.34,"264.65K",153.44612
"10.04.2017",219.06,220.01,220.16,217.56,"217.90K",153.23947
"07.04.2017",219.1,217.53,220,217.02,"315.70K",153.03378
"06.04.2017",217.72,215.1,218.96,214.65,"410.71K",152.82668
"05.04.2017",215.28,216.35,218.78,214.94,"373.48K",152.62261
"04.04.2017",215.92,220.01,221.72,215.7,"431.68K",152.42495
"03.04.2017",219.95,210.78,221.98,210.78,"939.48K",152.22402
"31.03.2017",211.47,213.05,213.52,211.21,"315.99K",152.00902
"30.03.2017",212.56,217.06,217.12,211.6,"285.60K",151.81965
"29.03.2017",216.29,213.13,216.7,212.28,"370.41K",151.62559
"28.03.2017",211.51,212.57,212.83,211.08,"244.25K",151.41833
"27.03.2017",211.57,209.3,213.19,207.48,"297.44K",151.22511
"24.03.2017",210.86,208.18,213.09,208.18,"405.76K",151.03045
"23.03.2017",208.18,209.03,211.61,206.03,"560.71K",150.83683
"22.03.2017",209.63,205.77,210.48,203.36,"379.20K",150.65065
"21.03.2017",205.7,217.53,218.65,205.34,"622.14K",150.45853
"20.03.2017",216.11,212.73,218.75,211.69,"457.34K",150.27801
"17.03.2017",211.29,211.66,212.67,209.57,"464.36K",150.06216
"16.03.2017",211.56,215.72,215.96,211.48,"335.10K",149.86076
"15.03.2017",215.13,213.01,215.35,210.91,"305.10K",149.65713
"14.03.2017",212.3,212.8,213.88,209.55,"276.29K",149.44033
"13.03.2017",212.74,211.8,213.24,210,"506.55K",149.2315
"10.03.2017",211.29,211.02,211.75,209.01,"247.43K",149.0198
"09.03.2017",209.38,209.16,212.41,208.71,"261.54K",148.81154
"08.03.2017",209.13,210.57,212.29,208.68,"287.95K",148.60829
"07.03.2017",211.3,210.22,214.06,209.74,"394.91K",148.40451
"06.03.2017",210.77,212.82,213.67,209.18,"295.93K",148.19203
"03.03.2017",212.76,209.13,213.03,207.06,"276.22K",147.9799
"02.03.2017",208.8,210.66,212.22,208.75,"240.22K",147.75956
"01.03.2017",211.17,213,216.7,210.03,"524.51K",147.55123
"28.02.2017",210.87,207.78,210.87,205.88,"519.71K",147.33336
"27.02.2017",208.23,208.03,208.83,204.15,"481.30K",147.11502
"24.02.2017",207.79,201,207.79,190.07,"1.00M",146.90428
"23.02.2017",199.82,202.41,202.41,196.6,"562.46K",146.6936
"22.02.2017",200.41,198.41,200.98,196.75,"348.57K",146.50913
"21.02.2017",198.5,200.43,200.43,196.88,"647.34K",146.32132
"17.02.2017",198.43,196.17,199.75,196.17,"325.98K",146.13888
"16.02.2017",198.01,200.27,201.16,196.8,"226.40K",145.9554
"15.02.2017",199.93,196.86,200.63,196.11,"332.11K",145.77211
"14.02.2017",197.07,194.5,197.78,192.66,"311.57K",145.58074
"13.02.2017",195.12,196,196.94,194.41,"337.37K",145.39816
"10.02.2017",195.28,191.75,195.47,191.19,"477.40K",145.22121
"09.02.2017",191.71,191.23,193.44,190.58,"368.42K",145.04243
"08.02.2017",191.85,191.87,193.03,190.47,"301.96K",144.87516
"07.02.2017",191.61,192.13,193.69,190.44,"362.35K",144.70619
"06.02.2017",191.74,189.16,191.97,189.15,"215.74K",144.53686
"03.02.2017",190.15,190.17,190.7,189.04,"186.60K",144.36583
"02.02.2017",188.62,188.58,191.77,187.25,"422.95K",144.19935
"01.02.2017",188.58,185.23,189.06,183.18,"401.43K",144.03723
"31.01.2017",185.39,184.1,186.19,183.61,"329.82K",143.87407
"30.01.2017",185.12,183.9,185.5,180.22,"315.03K",143.72143
"27.01.2017",182.63,183.56,183.65,181.72,"149.80K",143.56867
"26.01.2017",183.37,184.09,184.49,181.22,"160.48K",143.424
"25.01.2017",183.38,184.13,185.79,181.93,"247.10K",143.2755
"24.01.2017",183.31,179.22,183.71,179.22,"484.13K",143.12586
"23.01.2017",178.72,176.8,179.89,176.33,"438.77K",142.97536
"20.01.2017",176.17,175.77,176.41,172.85,"447.85K",142.84098
"19.01.2017",174.9,175.51,176.6,174.33,"253.30K",142.71521
"18.01.2017",175.26,178.41,178.82,174.63,"346.43K",142.5933
"17.01.2017",178.05,177.01,178.71,174.78,"713.70K",142.46909
"13.01.2017",176.45,173.12,176.9,173.12,"291.65K",142.33328
"12.01.2017",173.19,176.75,177.51,173.03,"315.41K",142.20257
"11.01.2017",176.75,178.35,180.72,174.19,"508.89K",142.08338
"10.01.2017",177.79,174.89,178.86,173.96,"498.85K",141.94954
"09.01.2017",174.11,172.61,175.56,172.61,"456.05K",141.81062
"06.01.2017",172.16,171.16,173,171.16,"390.47K",141.68494
"05.01.2017",171.28,166.72,172.79,166.06,"905.22K",141.5659
"04.01.2017",165.82,162.24,165.88,160.69,"559.74K",141.44937
"03.01.2017",161.02,158.91,162.77,157.95,"524.31K",141.35343
"30.12.2016",156.14,158.88,158.88,155.82,"239.74K",141.27569
"29.12.2016",158.51,155.37,158.94,154.92,"293.14K",141.21671
"28.12.2016",155.62,158.18,158.22,155.42,"313.36K",141.14781
"27.12.2016",158.5,156.75,160.71,156.1,"332.37K",141.08992
"23.12.2016",156.66,157.04,158.32,154.72,"170.87K",141.02
"22.12.2016",156.45,153.93,158.72,152.91,"478.36K",140.95694
"21.12.2016",154.4,153.62,154.97,151.73,"308.28K",140.89421
"20.12.2016",152.89,154.18,154.18,150.29,"622.83K",140.83931
"19.12.2016",153.08,155.74,155.95,152.78,"365.72K",140.79012
"16.12.2016",154.97,159.13,159.87,154.51,"357.79K",140.73975
"15.12.2016",159.25,158.74,161.41,158.01,"396.45K",140.68119
"14.12.2016",157.74,156.66,159.85,156.52,"331.28K",140.60446
"13.12.2016",156.82,154.18,158.88,154.08,"395.54K",140.53336
"12.12.2016",153.68,158.37,158.51,152.24,"559.27K",140.4655
"09.12.2016",158.61,161.49,162.66,157.5,"789.75K",140.41021
"08.12.2016",159.96,165.37,168.14,158.88,"627.26K",140.33374
"07.12.2016",165.62,162,167.09,161.5,"794.33K",140.25093
"06.12.2016",157.55,159.45,159.45,156.32,"710.35K",140.14343
"05.12.2016",157.95,152,158.87,152,"1,000.00K",140.06936
"02.12.2016",152.56,151.73,154.54,151,"593.19K",139.99295
"01.12.2016",151.3,157.48,160.1,148.98,"910.83K",139.93901
"30.11.2016",157.82,162.77,163.86,156.08,"2.70M",139.89004
"29.11.2016",162.91,161.42,164.19,160.63,"502.95K",139.81242
"28.11.2016",161.86,163,164.58,161.26,"537.47K",139.712
"25.11.2016",163.19,168.39,168.4,160.41,"393.65K",139.61528
"23.11.2016",166.75,164.5,167.12,164.02,"662.26K",139.51189
"22.11.2016",164.95,162,165.32,160,"791.47K",139.39189
"21.11.2016",160.63,159.21,161.85,157.85,"532.50K",139.27881
"18.11.2016",157.63,156.75,160.62,156.27,"406.90K",139.18391
"17.11.2016",157.27,156.98,160,156.48,"439.83K",139.10156
"16.11.2016",156.94,153.93,158.84,152.95,"551.72K",139.02009
"15.11.2016",155.71,155.39,159.76,154.02,"802.13K",138.93937
"14.11.2016",153.5,155.96,158.39,150.14,"1.39M",138.86348
"11.11.2016",155.96,160.58,161.49,150.64,"1.84M",138.79695
"10.11.2016",162.81,174.71,175.69,161.62,"1.09M",138.71858
"09.11.2016",172.84,166.9,174.23,166.78,"664.20K",138.60807
"08.11.2016",174.67,169.77,176.1,169.4,"500.42K",138.45032
"07.11.2016",169.26,170.21,170.88,167.9,"544.22K",138.28264
"04.11.2016",166.89,172,172.06,166.08,"1.21M",138.13856
"03.11.2016",165.88,167.15,168.4,164.67,"703.68K",138.00421
"02.11.2016",166.61,169.05,169.99,166.16,"543.39K",137.87333
"01.11.2016",169.79,167.31,170.77,166.92,"691.65K",137.73778
"31.10.2016",168.01,169.15,169.15,165.95,"419.28K",137.58588
"28.10.2016",168.16,168.57,170.03,165.62,"507.49K",137.441
"27.10.2016",169.44,171.74,173.13,168.01,"396.83K",137.29402
"26.10.2016",170.65,169.62,172.09,168.77,"443.08K",137.13947
"25.10.2016",171.04,173.15,173.57,170.84,"261.99K",136.97758
"24.10.2016",172.82,175.18,175.78,171.51,"352.59K",136.81223
"21.10.2016",173.93,169.67,174.11,169.01,"613.12K",136.63659
"20.10.2016",171.05,168.21,171.88,167.9,"813.86K",136.45377
"19.10.2016",169.43,168.62,170.19,166.1,"781.65K",136.28335
"18.10.2016",167.51,170.91,170.98,167.2,"709.52K",136.11926
"17.10.2016",167.89,167.47,169.49,166.85,"843.47K",135.96308
"14.10.2016",167.04,168.21,170,166,"3.33M",135.80345
"13.10.2016",168.46,171.11,174.37,166.64,"2.13M",135.64648
"12.10.2016",183.21,184.05,184.31,182.12,"301.37K",135.48076
"11.10.2016",184.47,185.45,186.23,182.25,"461.97K",135.23848
"10.10.2016",189.19,191.61,193.58,188.75,"381.28K",134.9873
"07.10.2016",189.83,187.08,190.22,186.04,"318.72K",134.70933
"06.10.2016",186.29,186.74,188.11,185.57,"222.29K",134.42521
"05.10.2016",186.49,185.41,186.8,184.23,"185.16K",134.15648
"04.10.2016",184.59,186.08,187.64,182.91,"220.33K",133.88391
"03.10.2016",186.2,185.45,189.35,184,"266.61K",133.61843
"30.09.2016",184.97,185.31,185.68,183.25,"183.15K",133.34168
"29.09.2016",183.74,186.62,187.61,183.66,"228.84K",133.06852
"28.09.2016",187.48,187.51,188.42,184.36,"184.88K",132.79899
"27.09.2016",187.5,186.43,188.37,186.4,"220.62K",132.50658
"26.09.2016",186.85,186.9,188.03,184.59,"260.85K",132.21091
"23.09.2016",187.09,191.44,191.76,186.63,"283.91K",131.91557
"22.09.2016",191.25,188.35,191.73,187.58,"496.51K",131.61571
"21.09.2016",186.75,180.5,187.43,179.25,"555.37K",131.28984
"20.09.2016",179.25,180.11,180.98,178.16,"269.93K",130.98511
"19.09.2016",178.91,178.73,180.29,177,"380.80K",130.71845
"16.09.2016",177.2,174.61,177.35,174.03,"370.25K",130.45072
"15.09.2016",174.61,173.12,175.55,171.65,"355.26K",130.18955
"14.09.2016",172,176.54,178.54,172,"673.34K",129.94
"13.09.2016",176.94,178.76,178.76,175.33,"170.87K",129.70237
"12.09.2016",179.54,178,179.9,175.44,"279.12K",129.43398
"09.09.2016",179.23,181.86,183.18,178.7,"488.96K",129.14766
"08.09.2016",183.19,182.22,183.5,181.21,"665.45K",128.85983
"07.09.2016",182,186.31,187.21,181.88,"529.82K",128.54578
"06.09.2016",186.29,187.7,188.58,185.43,"464.80K",128.235
"02.09.2016",186.16,178.17,188.13,176.92,"1.56M",127.8955
"01.09.2016",173.68,172.65,173.82,171.16,"427.76K",127.55276
"31.08.2016",172,167.42,173.17,166.71,"779.87K",127.27982
"30.08.2016",166.9,167.55,167.65,166.19,"298.54K",127.01363
"29.08.2016",166.57,167.01,168.4,166.11,"446.55K",126.77479
"26.08.2016",166.95,166.91,167.9,166.04,"341.41K",126.53506
"25.08.2016",166.63,165.51,167.53,165.17,"294.76K",126.29012
"24.08.2016",166.03,167,167.2,164.95,"375.36K",126.04415
"23.08.2016",166.74,168.38,168.38,166.08,"659.52K",125.79883
"22.08.2016",166.87,166.79,166.88,164.54,"430.34K",125.54611
"19.08.2016",167.69,166.66,168.01,165.78,"171.80K",125.28944
"18.08.2016",167.14,167.05,168.74,166.4,"649.83K",125.02444
"17.08.2016",166.97,168.71,168.71,165.95,"734.92K",124.75956
"16.08.2016",168.33,169.85,169.96,167.31,"381.20K",124.49241
"15.08.2016",170.13,170.09,172.43,169.67,"378.14K",124.21318
"12.08.2016",168.86,169.51,170.39,168.59,"289.83K",123.91885
"11.08.2016",169.93,170.64,171.4,168.69,"368.52K",123.6289
"10.08.2016",169.64,170.51,170.61,169.29,"323.15K",123.32825
"09.08.2016",170.21,172.48,173.67,168,"709.91K",123.02556
"08.08.2016",173.72,173.63,173.9,170.27,"661.76K",122.71513
"05.08.2016",172.98,156.4,174.28,155,"1.37M",122.37735
"04.08.2016",152.25,151.63,152.73,149.97,"661.50K",122.04
"03.08.2016",151.28,150.75,152.33,150.62,"142.77K",121.83725
"02.08.2016",151.5,152.93,153.23,148.71,"309.32K",121.63831
"01.08.2016",152.95,153.12,154.44,152.58,"266.37K",121.43517
"29.07.2016",153.08,151.97,153.41,150.21,"141.56K",121.21932
"28.07.2016",151.99,151.5,152.29,149.98,"191.51K",120.99959
"27.07.2016",151.4,151.86,152.18,149.38,"198.51K",120.78438
"26.07.2016",151.41,152.13,152.99,150.68,"242.90K",120.57028
"25.07.2016",151.54,153.24,154.98,151.34,"225.32K",120.3531
"22.07.2016",154.24,153.25,155.84,152.75,"506.94K",120.13191
"21.07.2016",153.41,152.37,153.84,151.95,"415.53K",119.88829
"20.07.2016",152.37,149.82,152.37,148.73,"408.51K",119.64712
"19.07.2016",148.72,147.8,149.14,147.76,"173.20K",119.41
"18.07.2016",148.8,149.11,149.65,147.35,"265.18K",119.19606
"15.07.2016",148.47,148.77,149.96,147.33,"494.96K",118.97838
"14.07.2016",149.22,150.61,151.06,148.74,"316.25K",118.75993
"13.07.2016",149.27,151.96,151.96,148.69,"221.25K",118.53261
"12.07.2016",151.1,150,152.51,148.83,"542.14K",118.3015
"11.07.2016",149.05,146.58,149.47,146.58,"340.70K",118.05303
"08.07.2016",146.22,144.17,146.49,144.02,"307.51K",117.81641
"07.07.2016",142.92,140.87,143.59,140.53,"279.64K",117.59792
"06.07.2016",139.68,139.1,140,137.08,"173.90K",117.40163
"05.07.2016",139.82,138.91,140.09,136.71,"280.89K",117.22758
"01.07.2016",139.81,141.06,142.35,139.15,"312.17K",117.04969
"30.06.2016",140.67,140.35,141.68,138.52,"415.23K",116.86905
"29.06.2016",138.96,134.51,140.72,134,"432.39K",116.67864
"28.06.2016",132.67,128.67,132.99,127.26,"370.00K",116.49895
"27.06.2016",126.88,130.74,130.78,126.1,"363.91K",116.36748
"24.06.2016",132.03,131.63,136.5,131.28,"508.26K",116.28131
"23.06.2016",139.06,138.13,139.54,137.37,"191.15K",116.15116
"22.06.2016",136.47,135.79,137,133.56,"286.84K",115.96025
"21.06.2016",135.83,135.9,136.5,134.62,"187.07K",115.7879
"20.06.2016",135.09,135.98,136.96,134.68,"223.98K",115.61805
"17.06.2016",133.75,135.26,135.59,133.5,"225.36K",115.45162
"16.06.2016",135.47,132.63,135.59,131.31,"280.92K",115.29388
"15.06.2016",133.79,135.25,135.85,133.72,"297.79K",115.11843
"14.06.2016",134.44,133.51,135.09,132.01,"192.46K",114.95465
"13.06.2016",133.37,133.3,135.39,132.78,"289.10K",114.78221
"10.06.2016",134.29,135.84,137.36,133.72,"267.29K",114.61625
"09.06.2016",137.46,135.56,137.47,135.56,"246.00K",114.43901
"08.06.2016",137,138.38,138.94,134.59,"588.25K",114.22973
"07.06.2016",138.63,138.72,140.59,137.57,"569.16K",114.02083
"06.06.2016",138.27,136.18,139.11,136.18,"480.56K",113.79296
"03.06.2016",135.75,136.31,136.55,134.02,"343.23K",113.56421
"02.06.2016",137,135.41,137.66,135.03,"481.42K",113.35491
"01.06.2016",136.34,135,137.07,134.65,"386.56K",113.12971
"31.05.2016",136.5,135.97,138.28,135.23,"333.94K",112.90654
"27.05.2016",135.08,134.2,135.7,134.03,"222.43K",112.67748
"26.05.2016",135.01,134.05,135.92,133.02,"315.75K",112.45784
"25.05.2016",134.02,134.8,135.27,133.39,"197.88K",112.23455
"24.05.2016",134.6,132.28,135.32,132.11,"442.13K",112.0167
"23.05.2016",132.02,133.48,134.29,131.86,"462.69K",111.78859
"20.05.2016",133.89,132.12,134.17,131.46,"677.83K",111.58214
"19.05.2016",131.79,131.65,133.08,129.85,"509.98K",111.35216
"18.05.2016",132.5,129.98,133.09,129.98,"471.08K",111.13927
"17.05.2016",130.78,128.04,132.49,128.04,"419.02K",110.91442
"16.05.2016",128.7,127.7,129.99,127.51,"223.28K",110.70309
"13.05.2016",127.53,127.34,129.47,127.03,"216.11K",110.50957
"12.05.2016",127.96,129.71,130.64,127.27,"342.25K",110.32457
"11.05.2016",129.7,128.86,131.45,127,"403.37K",110.13077
"10.05.2016",128.89,128.03,128.9,126.73,"377.89K",109.91333
"09.05.2016",127.25,127.04,128.5,126.86,"408.54K",109.70011
"06.05.2016",128.03,130.37,131,123.42,"812.95K",109.50068
"05.05.2016",124.88,125.22,126.43,123.28,"691.37K",109.2877
"04.05.2016",124.36,124.03,126.25,123.68,"373.85K",109.1064
"03.05.2016",125.34,125.04,127.06,122.41,"570.77K",108.92694
"02.05.2016",126.45,124.9,127.12,123.53,"364.53K",108.73155
"29.04.2016",124.89,124.38,125.83,122.3,"484.92K",108.51807
"28.04.2016",123.86,125.72,127.26,123.35,"476.98K",108.31841
"27.04.2016",125.9,126.33,127.35,123.82,"215.54K",108.12654
"26.04.2016",125.85,124.98,127.94,124.08,"263.62K",107.90438
"25.04.2016",124.6,126.25,126.33,123.59,"233.62K",107.67722
"22.04.2016",126.41,125.3,127.79,125,"307.28K",107.46026
"21.04.2016",126.51,129.93,129.93,126.14,"345.97K",107.21416
"20.04.2016",129.44,127.17,129.86,126.23,"282.00K",106.96026
"19.04.2016",127.57,130.62,130.62,126.32,"362.76K",106.66053
"18.04.2016",130.1,126.23,130.4,126.05,"479.18K",106.37797
"15.04.2016",127.34,126.4,128.35,126.21,"247.16K",106.05301
"14.04.2016",126.56,125.08,127.42,123.74,"568.52K",105.75736
"13.04.2016",125.35,120.97,125.35,120.5,"459.68K",105.46437
"12.04.2016",119.97,118.07,120.28,116.09,"590.19K",105.18029
"11.04.2016",117.71,118.75,121.15,117.27,"265.72K",104.96594
"08.04.2016",117.85,119.4,119.57,117.08,"288.42K",104.77853
"07.04.2016",118.1,118.87,119.2,116.75,"248.75K",104.58343
"06.04.2016",119.46,117,119.99,116.33,"323.04K",104.37864
"05.04.2016",117.13,117.73,118,115.81,"288.13K",104.14662
"04.04.2016",118.61,120.82,122.15,118.56,"407.41K",103.94375
"01.04.2016",120.62,116.48,121.16,116.48,"668.85K",103.71095
"31.03.2016",117.85,117.4,118.62,115.89,"341.58K",103.43823
"30.03.2016",117.68,118.67,119.69,116.88,"469.26K",103.20197
"29.03.2016",118.28,114.64,118.59,114.07,"708.29K",102.96067
"28.03.2016",115.22,113.34,115.93,112.07,"495.30K",102.70102
"24.03.2016",112.89,111.42,113.72,111.12,"385.29K",102.48517
"23.03.2016",112.41,115.19,116.73,112.18,"421.61K",102.30263
"22.03.2016",115.48,114,117.03,113.59,"567.15K",102.12214
"21.03.2016",114.67,113.85,115.36,113.35,"530.60K",101.87927
"18.03.2016",114.7,115.03,115.78,114.23,"315.94K",101.64241
"17.03.2016",114.92,113.65,115.97,112.24,"608.40K",101.39604
"16.03.2016",113.71,112.32,114.01,110.87,"731.95K",101.13596
"15.03.2016",113.19,113.75,114.91,111.46,"495.64K",100.88941
"14.03.2016",114.94,115.43,116.93,114.6,"409.97K",100.6434
"11.03.2016",115.65,114.36,115.99,113.27,"484.30K",100.35163
"10.03.2016",113.52,112,114.27,109.75,"734.53K",100.03292
"09.03.2016",111.2,110.2,111.8,108,"589.20K",99.74596
"08.03.2016",109.01,110.04,110.7,106.69,"483.78K",99.49696
"07.03.2016",110.42,108.67,111,107.6,"603.99K",99.28556
"04.03.2016",108.88,107.64,110.22,106.61,"562.76K",99.0325
"03.03.2016",106.53,106.2,107.91,104.09,"538.52K",98.80349
"02.03.2016",105.91,105.84,106.14,104.56,"516.65K",98.61952
"01.03.2016",104.95,102.53,104.99,101.47,"852.52K",98.44171
"29.02.2016",101.76,97.96,103.34,96.6,"827.06K",98.279
"27.02.2016",97.28,97.28,97.28,97.28,"1.91M",98.18974
"26.02.2016",97.56,104.24,104.94,94.56,"1.99M",98.21368
"25.02.2016",102.56,103.65,103.69,100.61,"678.82K",98.23135
"24.02.2016",103.1,97.25,103.55,95.42,"753.08K",98.11111
"23.02.2016",98.38,99.38,100.22,97.84,"653.02K",97.96857
"22.02.2016",99.98,101.48,101.99,98.66,"632.82K",97.95647
"19.02.2016",100.48,98,101.31,97.67,"563.15K",97.89515
"18.02.2016",98.8,99.9,100.82,97.33,"454.83K",97.81438
"17.02.2016",98.24,96.98,98.31,96.3,"501.98K",97.78258
"16.02.2016",95.76,93.76,97.37,92.95,"384.09K",97.76733
"12.02.2016",91.95,90.54,93.43,89.16,"365.23K",97.83655
"11.02.2016",89.04,85.58,89.77,85.58,"475.98K",98.04679
"10.02.2016",87.71,86.59,89.78,86.03,"315.67K",98.38037
"09.02.2016",85.82,84.94,88.19,84.19,"453.89K",98.79077
"08.02.2016",85.87,88,90,84.2,"618.42K",99.3096
"05.02.2016",90.25,95.92,95.97,89.01,"679.17K",99.86958
"04.02.2016",96.64,95.54,98.45,93.97,"488.17K",100.28783
"03.02.2016",95.37,96.75,97.65,91.86,"597.56K",100.45364
"02.02.2016",96.12,98.7,98.7,95.82,"480.42K",100.69571
"01.02.2016",99,97.72,99.62,97.3,"459.59K",100.9245
"29.01.2016",98.24,97.05,99,96.86,"555.77K",101.02579
"28.01.2016",96.86,98.95,99.39,96.11,"528.05K",101.18056
"27.01.2016",97.23,98.92,99.89,97,"600.35K",101.43471
"26.01.2016",99,101.07,101.07,98.05,"515.43K",101.6975
"25.01.2016",100.37,100.81,101.85,99.83,"377.71K",101.87733
"22.01.2016",101.15,100.24,103.18,100,"1.08M",101.985
"21.01.2016",97.5,96.7,98.61,94.35,"792.57K",102.04923
"20.01.2016",96.23,94.9,97.25,90.1,"821.73K",102.42833
"19.01.2016",96.49,98.31,99.36,93.92,"787.66K",102.99182
"15.01.2016",96.4,100.01,103.99,94.78,"922.85K",103.642
"14.01.2016",104.88,101,106.17,97.53,"464.07K",104.44667
"13.01.2016",100.55,106.5,107.41,99.83,"892.76K",104.3925
"12.01.2016",104.85,101.69,105.85,100.74,"1.02M",104.94143
"11.01.2016",98.76,102,102.99,97.1,"735.13K",104.95667
"08.01.2016",101.09,104.39,104.88,100.86,"443.97K",106.196
"07.01.2016",102.93,104.97,106.2,101.63,"475.04K",107.4725
"06.01.2016",107.33,107.98,108.98,106.11,"579.18K",108.98667
"05.01.2016",109.68,110.51,112.36,108.6,"432.67K",109.815
"04.01.2016",109.95,112.36,112.84,108.14,"535.28K",109.95
